sku_id,date,category,abc_class,xyz_class,promo_flag,actual,predicted,error,abs_pct_error
SKU00000,2024-10-28,Tops,1.0,2,True,33.0,18.5,-14.5,0.4393939393939394
SKU00000,2024-11-04,Tops,1.0,2,True,35.0,28.7,-6.300000000000001,0.18000000000000002
SKU00000,2024-11-11,Tops,1.0,2,True,64.0,45.4,-18.6,0.290625
SKU00000,2024-11-18,Tops,1.0,2,False,0.0,7.6,7.6,
SKU00000,2024-11-25,Tops,1.0,2,False,0.0,11.4,11.4,
SKU00000,2024-12-02,Tops,1.0,2,False,8.0,15.9,7.9,0.9875
SKU00000,2024-12-09,Tops,1.0,2,False,19.0,17.0,-2.0,0.10526315789473684
SKU00000,2024-12-16,Tops,1.0,2,False,13.0,14.5,1.5,0.11538461538461539
SKU00000,2024-12-23,Tops,1.0,2,False,10.0,17.0,7.0,0.7
SKU00001,2024-10-28,Footwear,3.0,3,False,42.0,28.7,-13.3,0.3166666666666667
SKU00001,2024-11-04,Footwear,3.0,3,False,30.0,28.4,-1.6000000000000014,0.05333333333333338
SKU00001,2024-11-11,Footwear,3.0,3,False,30.0,32.9,2.8999999999999986,0.09666666666666662
SKU00001,2024-11-18,Footwear,3.0,3,False,42.0,32.4,-9.600000000000001,0.2285714285714286
SKU00001,2024-11-25,Footwear,3.0,3,False,39.0,31.5,-7.5,0.19230769230769232
SKU00001,2024-12-02,Footwear,3.0,3,False,25.0,27.8,2.8000000000000007,0.11200000000000003
SKU00001,2024-12-09,Footwear,3.0,3,False,46.0,31.5,-14.5,0.31521739130434784
SKU00001,2024-12-16,Footwear,3.0,3,False,38.0,29.3,-8.7,0.22894736842105262
SKU00001,2024-12-23,Footwear,3.0,3,False,52.0,28.6,-23.4,0.44999999999999996
SKU00002,2024-10-28,Outerwear,3.0,2,False,0.0,0.3,0.3,
SKU00002,2024-11-04,Outerwear,3.0,2,False,8.0,4.6,-3.4000000000000004,0.42500000000000004
SKU00002,2024-11-11,Outerwear,3.0,2,False,13.0,6.7,-6.3,0.4846153846153846
SKU00002,2024-11-18,Outerwear,3.0,2,False,10.0,9.6,-0.40000000000000036,0.040000000000000036
SKU00002,2024-11-25,Outerwear,3.0,2,False,11.0,7.1,-3.9000000000000004,0.35454545454545455
SKU00002,2024-12-02,Outerwear,3.0,2,False,10.0,2.3,-7.7,0.77
SKU00002,2024-12-09,Outerwear,3.0,2,False,5.0,2.5,-2.5,0.5
SKU00002,2024-12-16,Outerwear,3.0,2,False,10.0,15.4,5.4,0.54
SKU00002,2024-12-23,Outerwear,3.0,2,False,11.0,16.7,5.699999999999999,0.5181818181818181
SKU00003,2024-10-28,Dresses,1.0,2,True,28.0,39.9,11.899999999999999,0.42499999999999993
SKU00003,2024-11-04,Dresses,1.0,2,True,20.0,21.6,1.6000000000000014,0.08000000000000007
SKU00003,2024-11-11,Dresses,1.0,2,False,8.0,12.3,4.300000000000001,0.5375000000000001
SKU00003,2024-11-18,Dresses,1.0,2,False,7.0,10.1,3.0999999999999996,0.4428571428571428
SKU00003,2024-11-25,Dresses,1.0,2,False,12.0,8.3,-3.6999999999999993,0.3083333333333333
SKU00003,2024-12-02,Dresses,1.0,2,False,7.0,13.8,6.800000000000001,0.9714285714285715
SKU00003,2024-12-09,Dresses,1.0,2,False,9.0,12.9,3.9000000000000004,0.43333333333333335
SKU00003,2024-12-16,Dresses,1.0,2,False,12.0,8.4,-3.5999999999999996,0.3
SKU00003,2024-12-23,Dresses,1.0,2,False,9.0,11.0,2.0,0.2222222222222222
SKU00004,2024-10-28,Dresses,1.0,2,False,12.0,15.7,3.6999999999999993,0.3083333333333333
SKU00004,2024-11-04,Dresses,1.0,2,False,11.0,17.0,6.0,0.5454545454545454
SKU00004,2024-11-11,Dresses,1.0,2,False,9.0,17.4,8.399999999999999,0.9333333333333331
SKU00004,2024-11-18,Dresses,1.0,2,False,8.0,13.5,5.5,0.6875
SKU00004,2024-11-25,Dresses,1.0,2,False,9.0,12.5,3.5,0.3888888888888889
SKU00004,2024-12-02,Dresses,1.0,2,True,19.0,36.1,17.1,0.9
SKU00004,2024-12-09,Dresses,1.0,2,False,9.0,13.0,4.0,0.4444444444444444
SKU00004,2024-12-16,Dresses,1.0,2,False,7.0,11.9,4.9,0.7000000000000001
SKU00004,2024-12-23,Dresses,1.0,2,False,10.0,12.0,2.0,0.2
SKU00005,2024-10-28,Accessories,1.0,2,True,47.0,49.4,2.3999999999999986,0.05106382978723401
SKU00005,2024-11-04,Accessories,1.0,2,True,38.0,65.8,27.799999999999997,0.731578947368421
SKU00005,2024-11-11,Accessories,1.0,2,False,14.0,21.1,7.100000000000001,0.5071428571428572
SKU00005,2024-11-18,Accessories,1.0,2,False,16.0,23.9,7.899999999999999,0.4937499999999999
SKU00005,2024-11-25,Accessories,1.0,2,False,13.0,17.5,4.5,0.34615384615384615
SKU00005,2024-12-02,Accessories,1.0,2,False,15.0,18.7,3.6999999999999993,0.24666666666666662
SKU00005,2024-12-09,Accessories,1.0,2,False,22.0,20.5,-1.5,0.06818181818181818
SKU00005,2024-12-16,Accessories,1.0,2,False,12.0,24.4,12.399999999999999,1.0333333333333332
SKU00005,2024-12-23,Accessories,1.0,2,False,21.0,21.4,0.3999999999999986,0.01904761904761898
SKU00006,2024-10-28,Tops,3.0,3,False,0.0,6.2,6.2,
SKU00006,2024-11-04,Tops,3.0,3,False,10.0,6.5,-3.5,0.35
SKU00006,2024-11-11,Tops,3.0,3,False,7.0,5.1,-1.9000000000000004,0.27142857142857146
SKU00006,2024-11-18,Tops,3.0,3,False,7.0,5.1,-1.9000000000000004,0.27142857142857146
SKU00006,2024-11-25,Tops,3.0,3,False,6.0,5.7,-0.2999999999999998,0.04999999999999997
SKU00006,2024-12-02,Tops,3.0,3,False,6.0,4.3,-1.7000000000000002,0.2833333333333334
SKU00006,2024-12-09,Tops,3.0,3,False,0.0,5.5,5.5,
SKU00006,2024-12-16,Tops,3.0,3,False,5.0,3.5,-1.5,0.3
SKU00006,2024-12-23,Tops,3.0,3,False,4.0,9.6,5.6,1.4
SKU00007,2024-10-28,Footwear,1.0,2,False,50.0,49.9,-0.10000000000000142,0.0020000000000000282
SKU00007,2024-11-04,Footwear,1.0,2,False,36.0,42.1,6.100000000000001,0.16944444444444448
SKU00007,2024-11-11,Footwear,1.0,2,True,84.0,106.3,22.299999999999997,0.2654761904761904
SKU00007,2024-11-18,Footwear,1.0,2,True,96.0,107.9,11.900000000000006,0.12395833333333339
SKU00007,2024-11-25,Footwear,1.0,2,False,41.0,47.9,6.899999999999999,0.16829268292682922
SKU00007,2024-12-02,Footwear,1.0,2,False,33.0,39.2,6.200000000000003,0.18787878787878798
SKU00007,2024-12-09,Footwear,1.0,2,False,22.0,53.0,31.0,1.4090909090909092
SKU00007,2024-12-16,Footwear,1.0,2,False,51.0,50.0,-1.0,0.0196078431372549
SKU00007,2024-12-23,Footwear,1.0,2,False,43.0,52.1,9.100000000000001,0.21162790697674422
SKU00008,2024-10-28,Bottoms,3.0,3,True,73.0,47.4,-25.6,0.3506849315068493
SKU00008,2024-11-04,Bottoms,3.0,3,True,52.0,29.9,-22.1,0.42500000000000004
SKU00008,2024-11-11,Bottoms,3.0,3,False,0.0,9.5,9.5,
SKU00008,2024-11-18,Bottoms,3.0,3,False,0.0,14.4,14.4,
SKU00008,2024-11-25,Bottoms,3.0,3,False,24.0,17.6,-6.399999999999999,0.2666666666666666
SKU00008,2024-12-02,Bottoms,3.0,3,False,39.0,21.0,-18.0,0.46153846153846156
SKU00008,2024-12-09,Bottoms,3.0,3,False,41.0,20.5,-20.5,0.5
SKU00008,2024-12-16,Bottoms,3.0,3,True,68.0,35.8,-32.2,0.4735294117647059
SKU00008,2024-12-23,Bottoms,3.0,3,True,50.0,33.1,-16.9,0.33799999999999997
SKU00009,2024-10-28,Tops,3.0,2,False,10.0,11.0,1.0,0.1
SKU00009,2024-11-04,Tops,3.0,2,False,11.0,9.1,-1.9000000000000004,0.17272727272727276
SKU00009,2024-11-11,Tops,3.0,2,False,3.0,2.5,-0.5,0.16666666666666666
SKU00009,2024-11-18,Tops,3.0,2,False,0.0,1.9,1.9,
SKU00009,2024-11-25,Tops,3.0,2,True,20.0,15.3,-4.699999999999999,0.23499999999999996
SKU00009,2024-12-02,Tops,3.0,2,True,22.0,21.3,-0.6999999999999993,0.03181818181818179
SKU00009,2024-12-09,Tops,3.0,2,False,0.0,2.2,2.2,
SKU00009,2024-12-16,Tops,3.0,2,True,0.0,8.0,8.0,
SKU00009,2024-12-23,Tops,3.0,2,True,0.0,1.7,1.7,
SKU00010,2024-10-28,Outerwear,1.0,2,False,58.0,47.8,-10.200000000000003,0.1758620689655173
SKU00010,2024-11-04,Outerwear,1.0,2,False,53.0,45.4,-7.600000000000001,0.14339622641509436
SKU00010,2024-11-11,Outerwear,1.0,2,False,61.0,53.6,-7.399999999999999,0.12131147540983604
SKU00010,2024-11-18,Outerwear,1.0,2,False,54.0,49.1,-4.899999999999999,0.09074074074074072
SKU00010,2024-11-25,Outerwear,1.0,2,False,65.0,49.4,-15.600000000000001,0.24000000000000002
SKU00010,2024-12-02,Outerwear,1.0,2,False,52.0,56.2,4.200000000000003,0.08076923076923083
SKU00010,2024-12-09,Outerwear,1.0,2,False,53.0,55.5,2.5,0.04716981132075472
SKU00010,2024-12-16,Outerwear,1.0,2,False,44.0,62.9,18.9,0.4295454545454545
SKU00010,2024-12-23,Outerwear,1.0,2,False,43.0,64.9,21.900000000000006,0.5093023255813954
SKU00011,2024-10-28,Accessories,3.0,3,False,1.0,1.4,0.3999999999999999,0.3999999999999999
SKU00011,2024-11-04,Accessories,3.0,3,False,10.0,10.9,0.9000000000000004,0.09000000000000004
SKU00011,2024-11-11,Accessories,3.0,3,False,7.0,9.8,2.8000000000000007,0.4000000000000001
SKU00011,2024-11-18,Accessories,3.0,3,False,8.0,8.5,0.5,0.0625
SKU00011,2024-11-25,Accessories,3.0,3,False,7.0,3.7,-3.3,0.4714285714285714
SKU00011,2024-12-02,Accessories,3.0,3,False,0.0,0.7,0.7,
SKU00011,2024-12-09,Accessories,3.0,3,False,0.0,1.2,1.2,
SKU00011,2024-12-16,Accessories,3.0,3,False,14.0,4.1,-9.9,0.7071428571428572
SKU00011,2024-12-23,Accessories,3.0,3,False,9.0,7.2,-1.7999999999999998,0.19999999999999998
SKU00012,2024-10-28,Footwear,1.0,2,False,16.0,14.6,-1.4000000000000004,0.08750000000000002
SKU00012,2024-11-04,Footwear,1.0,2,False,22.0,19.8,-2.1999999999999993,0.09999999999999996
SKU00012,2024-11-11,Footwear,1.0,2,False,18.0,18.3,0.3000000000000007,0.016666666666666705
SKU00012,2024-11-18,Footwear,1.0,2,False,19.0,20.9,1.8999999999999986,0.09999999999999992
SKU00012,2024-11-25,Footwear,1.0,2,False,8.0,17.7,9.7,1.2125
SKU00012,2024-12-02,Footwear,1.0,2,False,15.0,20.6,5.600000000000001,0.3733333333333334
SKU00012,2024-12-09,Footwear,1.0,2,False,25.0,22.8,-2.1999999999999993,0.08799999999999997
SKU00012,2024-12-16,Footwear,1.0,2,False,19.0,16.8,-2.1999999999999993,0.11578947368421048
SKU00012,2024-12-23,Footwear,1.0,2,False,5.0,13.8,8.8,1.7600000000000002
SKU00013,2024-10-28,Footwear,1.0,2,False,28.0,24.4,-3.6000000000000014,0.12857142857142861
SKU00013,2024-11-04,Footwear,1.0,2,False,24.0,29.5,5.5,0.22916666666666666
SKU00013,2024-11-11,Footwear,1.0,2,False,33.0,29.9,-3.1000000000000014,0.09393939393939399
SKU00013,2024-11-18,Footwear,1.0,2,False,23.0,26.1,3.1000000000000014,0.13478260869565223
SKU00013,2024-11-25,Footwear,1.0,2,False,23.0,22.6,-0.3999999999999986,0.017391304347826025
SKU00013,2024-12-02,Footwear,1.0,2,False,24.0,24.0,0.0,0.0
SKU00013,2024-12-09,Footwear,1.0,2,False,23.0,27.6,4.600000000000001,0.20000000000000007
SKU00013,2024-12-16,Footwear,1.0,2,False,48.0,27.9,-20.1,0.41875
SKU00013,2024-12-23,Footwear,1.0,2,False,30.0,26.7,-3.3000000000000007,0.11000000000000003
SKU00014,2024-10-28,Footwear,1.0,2,False,30.0,29.7,-0.3000000000000007,0.010000000000000024
SKU00014,2024-11-04,Footwear,1.0,2,False,42.0,27.7,-14.3,0.3404761904761905
SKU00014,2024-11-11,Footwear,1.0,2,False,22.0,32.5,10.5,0.4772727272727273
SKU00014,2024-11-18,Footwear,1.0,2,False,35.0,37.4,2.3999999999999986,0.06857142857142853
SKU00014,2024-11-25,Footwear,1.0,2,False,33.0,25.6,-7.399999999999999,0.2242424242424242
SKU00014,2024-12-02,Footwear,1.0,2,False,20.0,29.2,9.2,0.45999999999999996
SKU00014,2024-12-09,Footwear,1.0,2,False,26.0,25.8,-0.1999999999999993,0.007692307692307665
SKU00014,2024-12-16,Footwear,1.0,2,False,21.0,24.2,3.1999999999999993,0.15238095238095234
SKU00014,2024-12-23,Footwear,1.0,2,False,36.0,26.1,-9.899999999999999,0.27499999999999997
SKU00015,2024-10-28,Footwear,1.0,2,False,40.0,47.4,7.399999999999999,0.18499999999999997
SKU00015,2024-11-04,Footwear,1.0,2,True,123.0,97.8,-25.200000000000003,0.20487804878048782
SKU00015,2024-11-11,Footwear,1.0,2,True,131.0,104.6,-26.400000000000006,0.20152671755725196
SKU00015,2024-11-18,Footwear,1.0,2,False,42.0,38.0,-4.0,0.09523809523809523
SKU00015,2024-11-25,Footwear,1.0,2,False,28.0,39.3,11.299999999999997,0.40357142857142847
SKU00015,2024-12-02,Footwear,1.0,2,False,39.0,39.3,0.29999999999999716,0.007692307692307619
SKU00015,2024-12-09,Footwear,1.0,2,False,33.0,40.3,7.299999999999997,0.22121212121212114
SKU00015,2024-12-16,Footwear,1.0,2,False,37.0,35.4,-1.6000000000000014,0.04324324324324328
SKU00015,2024-12-23,Footwear,1.0,2,False,41.0,42.1,1.1000000000000014,0.02682926829268296
SKU00016,2024-10-28,Outerwear,1.0,2,False,9.0,23.3,14.3,1.588888888888889
SKU00016,2024-11-04,Outerwear,1.0,2,False,27.0,34.9,7.899999999999999,0.2925925925925925
SKU00016,2024-11-11,Outerwear,1.0,2,False,29.0,26.7,-2.3000000000000007,0.07931034482758623
SKU00016,2024-11-18,Outerwear,1.0,2,False,30.0,24.0,-6.0,0.2
SKU00016,2024-11-25,Outerwear,1.0,2,False,22.0,25.8,3.8000000000000007,0.17272727272727276
SKU00016,2024-12-02,Outerwear,1.0,2,False,25.0,37.5,12.5,0.5
SKU00016,2024-12-09,Outerwear,1.0,2,False,23.0,31.1,8.100000000000001,0.35217391304347834
SKU00016,2024-12-16,Outerwear,1.0,2,False,29.0,22.4,-6.600000000000001,0.22758620689655176
SKU00016,2024-12-23,Outerwear,1.0,2,False,24.0,18.8,-5.199999999999999,0.21666666666666665
SKU00017,2024-10-28,Tops,1.0,2,False,45.0,40.9,-4.100000000000001,0.09111111111111114
SKU00017,2024-11-04,Tops,1.0,2,False,39.0,47.4,8.399999999999999,0.21538461538461534
SKU00017,2024-11-11,Tops,1.0,2,False,25.0,46.5,21.5,0.86
SKU00017,2024-11-18,Tops,1.0,2,False,29.0,30.0,1.0,0.034482758620689655
SKU00017,2024-11-25,Tops,1.0,2,False,37.0,33.3,-3.700000000000003,0.10000000000000007
SKU00017,2024-12-02,Tops,1.0,2,False,18.0,35.8,17.799999999999997,0.9888888888888887
SKU00017,2024-12-09,Tops,1.0,2,False,25.0,25.0,0.0,0.0
SKU00017,2024-12-16,Tops,1.0,2,True,74.0,73.4,-0.5999999999999943,0.00810810810810803
SKU00017,2024-12-23,Tops,1.0,2,False,32.0,32.1,0.10000000000000142,0.0031250000000000444
SKU00018,2024-10-28,Accessories,1.0,2,False,9.0,6.5,-2.5,0.2777777777777778
SKU00018,2024-11-04,Accessories,1.0,2,False,35.0,45.3,10.299999999999997,0.2942857142857142
SKU00018,2024-11-11,Accessories,1.0,2,False,42.0,40.6,-1.3999999999999986,0.0333333333333333
SKU00018,2024-11-18,Accessories,1.0,2,False,60.0,49.8,-10.200000000000003,0.17000000000000004
SKU00018,2024-11-25,Accessories,1.0,2,False,19.0,24.9,5.899999999999999,0.3105263157894736
SKU00018,2024-12-02,Accessories,1.0,2,False,0.0,1.5,1.5,
SKU00018,2024-12-09,Accessories,1.0,2,False,0.0,0.9,0.9,
SKU00018,2024-12-16,Accessories,1.0,2,False,47.0,31.6,-15.399999999999999,0.3276595744680851
SKU00018,2024-12-23,Accessories,1.0,2,True,59.0,64.2,5.200000000000003,0.08813559322033904
SKU00019,2024-10-28,Dresses,1.0,3,False,34.0,27.4,-6.600000000000001,0.19411764705882356
SKU00019,2024-11-04,Dresses,1.0,3,False,32.0,22.4,-9.600000000000001,0.30000000000000004
SKU00019,2024-11-11,Dresses,1.0,3,False,17.0,30.6,13.600000000000001,0.8
SKU00019,2024-11-18,Dresses,1.0,3,False,20.0,27.2,7.199999999999999,0.36
SKU00019,2024-11-25,Dresses,1.0,3,False,22.0,43.7,21.700000000000003,0.9863636363636364
SKU00019,2024-12-02,Dresses,1.0,3,False,18.0,14.0,-4.0,0.2222222222222222
SKU00019,2024-12-09,Dresses,1.0,3,False,17.0,16.0,-1.0,0.058823529411764705
SKU00019,2024-12-16,Dresses,1.0,3,False,22.0,21.3,-0.6999999999999993,0.03181818181818179
SKU00019,2024-12-23,Dresses,1.0,3,False,14.0,23.3,9.3,0.6642857142857144
SKU00020,2024-10-28,Outerwear,3.0,2,True,10.0,8.2,-1.8000000000000007,0.18000000000000008
SKU00020,2024-11-04,Outerwear,3.0,2,True,18.0,15.6,-2.4000000000000004,0.13333333333333336
SKU00020,2024-11-11,Outerwear,3.0,2,True,19.0,12.5,-6.5,0.34210526315789475
SKU00020,2024-11-18,Outerwear,3.0,2,False,0.0,5.2,5.2,
SKU00020,2024-11-25,Outerwear,3.0,2,False,0.0,6.6,6.6,
SKU00020,2024-12-02,Outerwear,3.0,2,False,11.0,8.2,-2.8000000000000007,0.25454545454545463
SKU00020,2024-12-09,Outerwear,3.0,2,True,42.0,27.6,-14.399999999999999,0.3428571428571428
SKU00020,2024-12-16,Outerwear,3.0,2,True,0.0,4.0,4.0,
SKU00020,2024-12-23,Outerwear,3.0,2,True,0.0,4.4,4.4,
SKU00021,2024-10-28,Dresses,3.0,2,False,5.0,2.0,-3.0,0.6
SKU00021,2024-11-04,Dresses,3.0,2,False,5.0,12.5,7.5,1.5
SKU00021,2024-11-11,Dresses,3.0,2,False,3.0,12.1,9.1,3.033333333333333
SKU00021,2024-11-18,Dresses,3.0,2,False,6.0,13.0,7.0,1.1666666666666667
SKU00021,2024-11-25,Dresses,3.0,2,False,5.0,7.4,2.4000000000000004,0.4800000000000001
SKU00021,2024-12-02,Dresses,3.0,2,False,5.0,1.6,-3.4,0.6799999999999999
SKU00021,2024-12-09,Dresses,3.0,2,False,7.0,2.5,-4.5,0.6428571428571429
SKU00021,2024-12-16,Dresses,3.0,2,False,7.0,4.2,-2.8,0.39999999999999997
SKU00021,2024-12-23,Dresses,3.0,2,False,7.0,5.3,-1.7000000000000002,0.24285714285714288
SKU00022,2024-10-28,Bottoms,1.0,2,False,37.0,30.7,-6.300000000000001,0.17027027027027028
SKU00022,2024-11-04,Bottoms,1.0,2,False,32.0,27.9,-4.100000000000001,0.12812500000000004
SKU00022,2024-11-11,Bottoms,1.0,2,False,18.0,29.8,11.8,0.6555555555555556
SKU00022,2024-11-18,Bottoms,1.0,2,False,36.0,26.3,-9.7,0.26944444444444443
SKU00022,2024-11-25,Bottoms,1.0,2,False,38.0,26.0,-12.0,0.3157894736842105
SKU00022,2024-12-02,Bottoms,1.0,2,False,31.0,25.0,-6.0,0.1935483870967742
SKU00022,2024-12-09,Bottoms,1.0,2,False,25.0,25.3,0.3000000000000007,0.012000000000000028
SKU00022,2024-12-16,Bottoms,1.0,2,False,41.0,25.3,-15.7,0.3829268292682927
SKU00022,2024-12-23,Bottoms,1.0,2,False,22.0,24.9,2.8999999999999986,0.13181818181818175
SKU00023,2024-10-28,Accessories,2.0,2,False,18.0,13.2,-4.800000000000001,0.2666666666666667
SKU00023,2024-11-04,Accessories,2.0,2,False,19.0,13.4,-5.6,0.29473684210526313
SKU00023,2024-11-11,Accessories,2.0,2,True,23.0,30.9,7.899999999999999,0.3434782608695652
SKU00023,2024-11-18,Accessories,2.0,2,False,12.0,12.6,0.5999999999999996,0.04999999999999997
SKU00023,2024-11-25,Accessories,2.0,2,False,14.0,12.4,-1.5999999999999996,0.11428571428571425
SKU00023,2024-12-02,Accessories,2.0,2,False,10.0,11.8,1.8000000000000007,0.18000000000000008
SKU00023,2024-12-09,Accessories,2.0,2,False,12.0,13.2,1.1999999999999993,0.09999999999999994
SKU00023,2024-12-16,Accessories,2.0,2,False,9.0,12.2,3.1999999999999993,0.35555555555555546
SKU00023,2024-12-23,Accessories,2.0,2,False,13.0,13.7,0.6999999999999993,0.053846153846153794
SKU00024,2024-10-28,Footwear,1.0,2,False,29.0,22.1,-6.899999999999999,0.23793103448275857
SKU00024,2024-11-04,Footwear,1.0,2,False,29.0,27.0,-2.0,0.06896551724137931
SKU00024,2024-11-11,Footwear,1.0,2,True,76.0,34.8,-41.2,0.5421052631578948
SKU00024,2024-11-18,Footwear,1.0,2,False,25.0,25.0,0.0,0.0
SKU00024,2024-11-25,Footwear,1.0,2,False,43.0,16.9,-26.1,0.6069767441860465
SKU00024,2024-12-02,Footwear,1.0,2,False,41.0,28.1,-12.899999999999999,0.31463414634146336
SKU00024,2024-12-09,Footwear,1.0,2,False,32.0,25.9,-6.100000000000001,0.19062500000000004
SKU00024,2024-12-16,Footwear,1.0,2,False,22.0,19.0,-3.0,0.13636363636363635
SKU00024,2024-12-23,Footwear,1.0,2,False,38.0,19.4,-18.6,0.48947368421052634
SKU00025,2024-10-28,Outerwear,1.0,2,False,23.0,27.0,4.0,0.17391304347826086
SKU00025,2024-11-04,Outerwear,1.0,2,False,26.0,27.7,1.6999999999999993,0.06538461538461536
SKU00025,2024-11-11,Outerwear,1.0,2,False,18.0,28.6,10.600000000000001,0.588888888888889
SKU00025,2024-11-18,Outerwear,1.0,2,False,23.0,25.4,2.3999999999999986,0.10434782608695646
SKU00025,2024-11-25,Outerwear,1.0,2,False,26.0,23.8,-2.1999999999999993,0.08461538461538459
SKU00025,2024-12-02,Outerwear,1.0,2,False,25.0,26.7,1.6999999999999993,0.06799999999999998
SKU00025,2024-12-09,Outerwear,1.0,2,False,22.0,30.0,8.0,0.36363636363636365
SKU00025,2024-12-16,Outerwear,1.0,2,False,21.0,27.0,6.0,0.2857142857142857
SKU00025,2024-12-23,Outerwear,1.0,2,False,21.0,26.4,5.399999999999999,0.25714285714285706
SKU00026,2024-10-28,Dresses,1.0,2,True,45.0,37.9,-7.100000000000001,0.15777777777777782
SKU00026,2024-11-04,Dresses,1.0,2,False,9.0,12.3,3.3000000000000007,0.36666666666666675
SKU00026,2024-11-11,Dresses,1.0,2,False,11.0,11.5,0.5,0.045454545454545456
SKU00026,2024-11-18,Dresses,1.0,2,False,8.0,11.2,3.1999999999999993,0.3999999999999999
SKU00026,2024-11-25,Dresses,1.0,2,False,11.0,11.8,0.8000000000000007,0.0727272727272728
SKU00026,2024-12-02,Dresses,1.0,2,False,9.0,10.4,1.4000000000000004,0.15555555555555559
SKU00026,2024-12-09,Dresses,1.0,2,True,21.0,46.3,25.299999999999997,1.2047619047619047
SKU00026,2024-12-16,Dresses,1.0,2,False,9.0,10.5,1.5,0.16666666666666666
SKU00026,2024-12-23,Dresses,1.0,2,False,9.0,14.0,5.0,0.5555555555555556
SKU00027,2024-10-28,Footwear,1.0,1,False,25.0,29.4,4.399999999999999,0.17599999999999993
SKU00027,2024-11-04,Footwear,1.0,1,False,25.0,31.1,6.100000000000001,0.24400000000000005
SKU00027,2024-11-11,Footwear,1.0,1,False,34.0,31.3,-2.6999999999999993,0.07941176470588233
SKU00027,2024-11-18,Footwear,1.0,1,False,25.0,27.3,2.3000000000000007,0.09200000000000003
SKU00027,2024-11-25,Footwear,1.0,1,False,24.0,29.9,5.899999999999999,0.24583333333333326
SKU00027,2024-12-02,Footwear,1.0,1,False,29.0,26.7,-2.3000000000000007,0.07931034482758623
SKU00027,2024-12-09,Footwear,1.0,1,False,36.0,25.3,-10.7,0.2972222222222222
SKU00027,2024-12-16,Footwear,1.0,1,False,34.0,23.9,-10.100000000000001,0.2970588235294118
SKU00027,2024-12-23,Footwear,1.0,1,False,32.0,25.4,-6.600000000000001,0.20625000000000004
SKU00028,2024-10-28,Outerwear,1.0,2,False,25.0,28.4,3.3999999999999986,0.13599999999999995
SKU00028,2024-11-04,Outerwear,1.0,2,False,31.0,29.8,-1.1999999999999993,0.03870967741935481
SKU00028,2024-11-11,Outerwear,1.0,2,False,23.0,24.3,1.3000000000000007,0.05652173913043481
SKU00028,2024-11-18,Outerwear,1.0,2,False,29.0,20.1,-8.899999999999999,0.3068965517241379
SKU00028,2024-11-25,Outerwear,1.0,2,False,3.0,17.0,14.0,4.666666666666667
SKU00028,2024-12-02,Outerwear,1.0,2,False,25.0,25.5,0.5,0.02
SKU00028,2024-12-09,Outerwear,1.0,2,False,25.0,25.7,0.6999999999999993,0.027999999999999973
SKU00028,2024-12-16,Outerwear,1.0,2,False,39.0,21.1,-17.9,0.45897435897435895
SKU00028,2024-12-23,Outerwear,1.0,2,False,0.0,19.6,19.6,
SKU00029,2024-10-28,Dresses,1.0,3,False,0.0,3.9,3.9,
SKU00029,2024-11-04,Dresses,1.0,3,False,11.0,10.4,-0.5999999999999996,0.054545454545454515
SKU00029,2024-11-11,Dresses,1.0,3,False,12.0,11.3,-0.6999999999999993,0.05833333333333327
SKU00029,2024-11-18,Dresses,1.0,3,False,9.0,12.0,3.0,0.3333333333333333
SKU00029,2024-11-25,Dresses,1.0,3,False,17.0,8.4,-8.6,0.5058823529411764
SKU00029,2024-12-02,Dresses,1.0,3,False,16.0,8.1,-7.9,0.49375
SKU00029,2024-12-09,Dresses,1.0,3,False,16.0,5.5,-10.5,0.65625
SKU00029,2024-12-16,Dresses,1.0,3,False,9.0,21.1,12.100000000000001,1.3444444444444446
SKU00029,2024-12-23,Dresses,1.0,3,False,11.0,20.4,9.399999999999999,0.8545454545454544
SKU00030,2024-10-28,Dresses,1.0,2,True,37.0,49.1,12.100000000000001,0.3270270270270271
SKU00030,2024-11-04,Dresses,1.0,2,False,22.0,28.9,6.899999999999999,0.31363636363636355
SKU00030,2024-11-11,Dresses,1.0,2,False,14.0,18.7,4.699999999999999,0.3357142857142857
SKU00030,2024-11-18,Dresses,1.0,2,False,14.0,16.9,2.8999999999999986,0.20714285714285705
SKU00030,2024-11-25,Dresses,1.0,2,False,12.0,15.3,3.3000000000000007,0.2750000000000001
SKU00030,2024-12-02,Dresses,1.0,2,False,14.0,13.8,-0.1999999999999993,0.014285714285714235
SKU00030,2024-12-09,Dresses,1.0,2,False,21.0,13.5,-7.5,0.35714285714285715
SKU00030,2024-12-16,Dresses,1.0,2,False,12.0,13.1,1.0999999999999996,0.09166666666666663
SKU00030,2024-12-23,Dresses,1.0,2,False,11.0,17.7,6.699999999999999,0.609090909090909
SKU00031,2024-10-28,Bottoms,3.0,3,False,26.0,19.0,-7.0,0.2692307692307692
SKU00031,2024-11-04,Bottoms,3.0,3,False,36.0,20.4,-15.600000000000001,0.43333333333333335
SKU00031,2024-11-11,Bottoms,3.0,3,False,24.0,20.1,-3.8999999999999986,0.16249999999999995
SKU00031,2024-11-18,Bottoms,3.0,3,False,33.0,20.5,-12.5,0.3787878787878788
SKU00031,2024-11-25,Bottoms,3.0,3,False,36.0,19.8,-16.2,0.44999999999999996
SKU00031,2024-12-02,Bottoms,3.0,3,False,34.0,24.4,-9.600000000000001,0.28235294117647064
SKU00031,2024-12-09,Bottoms,3.0,3,False,27.0,21.2,-5.800000000000001,0.21481481481481485
SKU00031,2024-12-16,Bottoms,3.0,3,False,25.0,26.9,1.8999999999999986,0.07599999999999994
SKU00031,2024-12-23,Bottoms,3.0,3,False,38.0,25.9,-12.100000000000001,0.318421052631579
SKU00032,2024-10-28,Tops,1.0,2,False,4.0,16.8,12.8,3.2
SKU00032,2024-11-04,Tops,1.0,2,True,55.0,48.1,-6.899999999999999,0.12545454545454543
SKU00032,2024-11-11,Tops,1.0,2,True,49.0,8.6,-40.4,0.8244897959183674
SKU00032,2024-11-18,Tops,1.0,2,True,42.0,9.3,-32.7,0.7785714285714287
SKU00032,2024-11-25,Tops,1.0,2,False,1.0,5.0,4.0,4.0
SKU00032,2024-12-02,Tops,1.0,2,False,14.0,18.6,4.600000000000001,0.3285714285714287
SKU00032,2024-12-09,Tops,1.0,2,False,14.0,17.8,3.8000000000000007,0.27142857142857146
SKU00032,2024-12-16,Tops,1.0,2,False,21.0,17.5,-3.5,0.16666666666666666
SKU00032,2024-12-23,Tops,1.0,2,False,10.0,19.8,9.8,0.9800000000000001
SKU00033,2024-10-28,Outerwear,3.0,2,False,0.0,1.9,1.9,
SKU00033,2024-11-04,Outerwear,3.0,2,False,0.0,5.6,5.6,
SKU00033,2024-11-11,Outerwear,3.0,2,False,0.0,3.8,3.8,
SKU00033,2024-11-18,Outerwear,3.0,2,False,14.0,9.9,-4.1,0.2928571428571428
SKU00033,2024-11-25,Outerwear,3.0,2,False,25.0,14.7,-10.3,0.41200000000000003
SKU00033,2024-12-02,Outerwear,3.0,2,False,23.0,14.4,-8.6,0.3739130434782609
SKU00033,2024-12-09,Outerwear,3.0,2,False,18.0,6.8,-11.2,0.6222222222222222
SKU00033,2024-12-16,Outerwear,3.0,2,False,0.0,1.3,1.3,
SKU00033,2024-12-23,Outerwear,3.0,2,True,0.0,1.3,1.3,
SKU00034,2024-10-28,Accessories,1.0,2,False,20.0,15.2,-4.800000000000001,0.24000000000000005
SKU00034,2024-11-04,Accessories,1.0,2,False,17.0,16.6,-0.3999999999999986,0.0235294117647058
SKU00034,2024-11-11,Accessories,1.0,2,True,43.0,60.5,17.5,0.4069767441860465
SKU00034,2024-11-18,Accessories,1.0,2,True,23.0,25.2,2.1999999999999993,0.09565217391304345
SKU00034,2024-11-25,Accessories,1.0,2,True,42.0,37.9,-4.100000000000001,0.09761904761904765
SKU00034,2024-12-02,Accessories,1.0,2,False,18.0,14.2,-3.8000000000000007,0.21111111111111114
SKU00034,2024-12-09,Accessories,1.0,2,False,14.0,13.9,-0.09999999999999964,0.0071428571428571175
SKU00034,2024-12-16,Accessories,1.0,2,False,17.0,14.4,-2.5999999999999996,0.15294117647058822
SKU00034,2024-12-23,Accessories,1.0,2,False,22.0,15.8,-6.199999999999999,0.2818181818181818
SKU00035,2024-10-28,Tops,1.0,2,True,0.0,0.6,0.6,
SKU00035,2024-11-04,Tops,1.0,2,True,46.0,8.9,-37.1,0.8065217391304348
SKU00035,2024-11-11,Tops,1.0,2,False,23.0,22.1,-0.8999999999999986,0.039130434782608636
SKU00035,2024-11-18,Tops,1.0,2,False,27.0,14.9,-12.1,0.44814814814814813
SKU00035,2024-11-25,Tops,1.0,2,False,14.0,16.2,2.1999999999999993,0.15714285714285708
SKU00035,2024-12-02,Tops,1.0,2,False,11.0,16.5,5.5,0.5
SKU00035,2024-12-09,Tops,1.0,2,False,16.0,11.3,-4.699999999999999,0.29374999999999996
SKU00035,2024-12-16,Tops,1.0,2,False,15.0,35.1,20.1,1.34
SKU00035,2024-12-23,Tops,1.0,2,False,13.0,30.0,17.0,1.3076923076923077
SKU00036,2024-10-28,Accessories,2.0,2,False,0.0,0.1,0.1,
SKU00036,2024-11-04,Accessories,2.0,2,False,22.0,10.8,-11.2,0.509090909090909
SKU00036,2024-11-11,Accessories,2.0,2,True,22.0,25.7,3.6999999999999993,0.16818181818181815
SKU00036,2024-11-18,Accessories,2.0,2,True,0.0,12.7,12.7,
SKU00036,2024-11-25,Accessories,2.0,2,False,0.0,0.5,0.5,
SKU00036,2024-12-02,Accessories,2.0,2,False,0.0,0.1,0.1,
SKU00036,2024-12-09,Accessories,2.0,2,False,0.0,1.2,1.2,
SKU00036,2024-12-16,Accessories,2.0,2,True,31.0,12.9,-18.1,0.5838709677419355
SKU00036,2024-12-23,Accessories,2.0,2,True,21.0,30.7,9.7,0.4619047619047619
SKU00037,2024-10-28,Footwear,1.0,2,False,33.0,24.9,-8.100000000000001,0.2454545454545455
SKU00037,2024-11-04,Footwear,1.0,2,False,27.0,29.7,2.6999999999999993,0.09999999999999998
SKU00037,2024-11-11,Footwear,1.0,2,False,19.0,28.1,9.100000000000001,0.47894736842105273
SKU00037,2024-11-18,Footwear,1.0,2,True,70.0,36.4,-33.6,0.48000000000000004
SKU00037,2024-11-25,Footwear,1.0,2,True,38.0,32.4,-5.600000000000001,0.14736842105263162
SKU00037,2024-12-02,Footwear,1.0,2,False,30.0,21.7,-8.3,0.27666666666666667
SKU00037,2024-12-09,Footwear,1.0,2,False,34.0,27.5,-6.5,0.19117647058823528
SKU00037,2024-12-16,Footwear,1.0,2,False,41.0,24.4,-16.6,0.40487804878048783
SKU00037,2024-12-23,Footwear,1.0,2,False,35.0,24.2,-10.8,0.3085714285714286
SKU00038,2024-10-28,Bottoms,1.0,2,False,0.0,0.6,0.6,
SKU00038,2024-11-04,Bottoms,1.0,2,False,26.0,21.7,-4.300000000000001,0.1653846153846154
SKU00038,2024-11-11,Bottoms,1.0,2,False,25.0,26.5,1.5,0.06
SKU00038,2024-11-18,Bottoms,1.0,2,False,28.0,32.2,4.200000000000003,0.1500000000000001
SKU00038,2024-11-25,Bottoms,1.0,2,False,29.0,14.6,-14.4,0.496551724137931
SKU00038,2024-12-02,Bottoms,1.0,2,False,14.0,1.1,-12.9,0.9214285714285715
SKU00038,2024-12-09,Bottoms,1.0,2,False,0.0,1.4,1.4,
SKU00038,2024-12-16,Bottoms,1.0,2,False,29.0,35.4,6.399999999999999,0.22068965517241373
SKU00038,2024-12-23,Bottoms,1.0,2,False,30.0,33.0,3.0,0.1
SKU00039,2024-10-28,Outerwear,1.0,2,True,116.0,83.9,-32.099999999999994,0.27672413793103445
SKU00039,2024-11-04,Outerwear,1.0,2,True,148.0,91.7,-56.3,0.3804054054054054
SKU00039,2024-11-11,Outerwear,1.0,2,False,75.0,55.2,-19.799999999999997,0.26399999999999996
SKU00039,2024-11-18,Outerwear,1.0,2,False,66.0,61.7,-4.299999999999997,0.06515151515151511
SKU00039,2024-11-25,Outerwear,1.0,2,False,57.0,57.2,0.20000000000000284,0.0035087719298246113
SKU00039,2024-12-02,Outerwear,1.0,2,False,47.0,52.2,5.200000000000003,0.11063829787234049
SKU00039,2024-12-09,Outerwear,1.0,2,False,51.0,57.7,6.700000000000003,0.1313725490196079
SKU00039,2024-12-16,Outerwear,1.0,2,False,33.0,49.1,16.1,0.4878787878787879
SKU00039,2024-12-23,Outerwear,1.0,2,False,51.0,44.8,-6.200000000000003,0.12156862745098045
SKU00040,2024-10-28,Tops,3.0,2,False,3.0,0.3,-2.7,0.9
SKU00040,2024-11-04,Tops,3.0,2,False,6.0,7.5,1.5,0.25
SKU00040,2024-11-11,Tops,3.0,2,False,4.0,8.6,4.6,1.15
SKU00040,2024-11-18,Tops,3.0,2,False,4.0,5.6,1.5999999999999996,0.3999999999999999
SKU00040,2024-11-25,Tops,3.0,2,False,3.0,2.7,-0.2999999999999998,0.09999999999999994
SKU00040,2024-12-02,Tops,3.0,2,False,0.0,0.5,0.5,
SKU00040,2024-12-09,Tops,3.0,2,False,0.0,2.0,2.0,
SKU00040,2024-12-16,Tops,3.0,2,False,3.0,2.9,-0.10000000000000009,0.03333333333333336
SKU00040,2024-12-23,Tops,3.0,2,False,3.0,3.2,0.20000000000000018,0.06666666666666672
SKU00041,2024-10-28,Footwear,1.0,2,False,18.0,21.2,3.1999999999999993,0.17777777777777773
SKU00041,2024-11-04,Footwear,1.0,2,False,28.0,17.0,-11.0,0.39285714285714285
SKU00041,2024-11-11,Footwear,1.0,2,False,12.0,16.6,4.600000000000001,0.38333333333333347
SKU00041,2024-11-18,Footwear,1.0,2,False,13.0,15.9,2.9000000000000004,0.22307692307692312
SKU00041,2024-11-25,Footwear,1.0,2,False,18.0,16.3,-1.6999999999999993,0.0944444444444444
SKU00041,2024-12-02,Footwear,1.0,2,False,16.0,15.6,-0.40000000000000036,0.025000000000000022
SKU00041,2024-12-09,Footwear,1.0,2,False,20.0,15.9,-4.1,0.205
SKU00041,2024-12-16,Footwear,1.0,2,False,12.0,15.1,3.0999999999999996,0.2583333333333333
SKU00041,2024-12-23,Footwear,1.0,2,False,20.0,18.4,-1.6000000000000014,0.08000000000000007
SKU00042,2024-10-28,Footwear,3.0,2,False,0.0,6.4,6.4,
SKU00042,2024-11-04,Footwear,3.0,2,False,11.0,11.2,0.1999999999999993,0.01818181818181812
SKU00042,2024-11-11,Footwear,3.0,2,False,10.0,11.6,1.5999999999999996,0.15999999999999998
SKU00042,2024-11-18,Footwear,3.0,2,False,12.0,8.1,-3.9000000000000004,0.325
SKU00042,2024-11-25,Footwear,3.0,2,False,11.0,2.6,-8.4,0.7636363636363637
SKU00042,2024-12-02,Footwear,3.0,2,False,2.0,0.6,-1.4,0.7
SKU00042,2024-12-09,Footwear,3.0,2,False,0.0,0.7,0.7,
SKU00042,2024-12-16,Footwear,3.0,2,False,12.0,6.8,-5.2,0.43333333333333335
SKU00042,2024-12-23,Footwear,3.0,2,True,38.0,38.4,0.3999999999999986,0.010526315789473648
SKU00043,2024-10-28,Dresses,3.0,3,False,18.0,19.5,1.5,0.08333333333333333
SKU00043,2024-11-04,Dresses,3.0,3,False,21.0,20.7,-0.3000000000000007,0.01428571428571432
SKU00043,2024-11-11,Dresses,3.0,3,False,19.0,18.9,-0.10000000000000142,0.005263157894736917
SKU00043,2024-11-18,Dresses,3.0,3,False,20.0,15.9,-4.1,0.205
SKU00043,2024-11-25,Dresses,3.0,3,False,25.0,13.4,-11.6,0.46399999999999997
SKU00043,2024-12-02,Dresses,3.0,3,False,15.0,13.1,-1.9000000000000004,0.12666666666666668
SKU00043,2024-12-09,Dresses,3.0,3,False,19.0,15.0,-4.0,0.21052631578947367
SKU00043,2024-12-16,Dresses,3.0,3,False,14.0,10.9,-3.0999999999999996,0.2214285714285714
SKU00043,2024-12-23,Dresses,3.0,3,False,14.0,12.2,-1.8000000000000007,0.12857142857142861
SKU00044,2024-10-28,Tops,1.0,2,False,9.0,15.0,6.0,0.6666666666666666
SKU00044,2024-11-04,Tops,1.0,2,False,9.0,12.4,3.4000000000000004,0.3777777777777778
SKU00044,2024-11-11,Tops,1.0,2,False,9.0,13.6,4.6,0.5111111111111111
SKU00044,2024-11-18,Tops,1.0,2,False,8.0,16.0,8.0,1.0
SKU00044,2024-11-25,Tops,1.0,2,False,7.0,14.8,7.800000000000001,1.1142857142857143
SKU00044,2024-12-02,Tops,1.0,2,False,7.0,12.4,5.4,0.7714285714285715
SKU00044,2024-12-09,Tops,1.0,2,False,7.0,11.5,4.5,0.6428571428571429
SKU00044,2024-12-16,Tops,1.0,2,False,5.0,9.3,4.300000000000001,0.8600000000000001
SKU00044,2024-12-23,Tops,1.0,2,False,11.0,8.9,-2.0999999999999996,0.1909090909090909
SKU00045,2024-10-28,Accessories,1.0,2,False,22.0,11.7,-10.3,0.4681818181818182
SKU00045,2024-11-04,Accessories,1.0,2,False,19.0,16.3,-2.6999999999999993,0.1421052631578947
SKU00045,2024-11-11,Accessories,1.0,2,False,31.0,13.3,-17.7,0.5709677419354838
SKU00045,2024-11-18,Accessories,1.0,2,False,13.0,14.5,1.5,0.11538461538461539
SKU00045,2024-11-25,Accessories,1.0,2,False,8.0,11.7,3.6999999999999993,0.4624999999999999
SKU00045,2024-12-02,Accessories,1.0,2,False,15.0,14.2,-0.8000000000000007,0.05333333333333338
SKU00045,2024-12-09,Accessories,1.0,2,False,14.0,14.2,0.1999999999999993,0.014285714285714235
SKU00045,2024-12-16,Accessories,1.0,2,False,18.0,13.0,-5.0,0.2777777777777778
SKU00045,2024-12-23,Accessories,1.0,2,False,18.0,13.9,-4.1,0.22777777777777775
SKU00046,2024-10-28,Dresses,1.0,2,False,13.0,15.9,2.9000000000000004,0.22307692307692312
SKU00046,2024-11-04,Dresses,1.0,2,False,22.0,12.6,-9.4,0.4272727272727273
SKU00046,2024-11-11,Dresses,1.0,2,False,13.0,17.3,4.300000000000001,0.3307692307692308
SKU00046,2024-11-18,Dresses,1.0,2,False,11.0,11.9,0.9000000000000004,0.08181818181818185
SKU00046,2024-11-25,Dresses,1.0,2,False,11.0,12.1,1.0999999999999996,0.09999999999999996
SKU00046,2024-12-02,Dresses,1.0,2,False,9.0,13.0,4.0,0.4444444444444444
SKU00046,2024-12-09,Dresses,1.0,2,False,14.0,11.2,-2.8000000000000007,0.20000000000000004
SKU00046,2024-12-16,Dresses,1.0,2,False,12.0,10.4,-1.5999999999999996,0.1333333333333333
SKU00046,2024-12-23,Dresses,1.0,2,False,8.0,9.4,1.4000000000000004,0.17500000000000004
SKU00047,2024-10-28,Accessories,2.0,2,True,37.0,55.3,18.299999999999997,0.49459459459459454
SKU00047,2024-11-04,Accessories,2.0,2,True,76.0,43.5,-32.5,0.4276315789473684
SKU00047,2024-11-11,Accessories,2.0,2,False,30.0,20.8,-9.2,0.30666666666666664
SKU00047,2024-11-18,Accessories,2.0,2,False,32.0,26.7,-5.300000000000001,0.16562500000000002
SKU00047,2024-11-25,Accessories,2.0,2,False,27.0,23.2,-3.8000000000000007,0.14074074074074078
SKU00047,2024-12-02,Accessories,2.0,2,False,24.0,23.6,-0.3999999999999986,0.016666666666666607
SKU00047,2024-12-09,Accessories,2.0,2,False,19.0,20.6,1.6000000000000014,0.08421052631578956
SKU00047,2024-12-16,Accessories,2.0,2,False,32.0,17.0,-15.0,0.46875
SKU00047,2024-12-23,Accessories,2.0,2,False,23.0,15.4,-7.6,0.33043478260869563
SKU00048,2024-10-28,Footwear,3.0,2,False,10.0,7.7,-2.3,0.22999999999999998
SKU00048,2024-11-04,Footwear,3.0,2,False,7.0,8.6,1.5999999999999996,0.2285714285714285
SKU00048,2024-11-11,Footwear,3.0,2,False,11.0,8.5,-2.5,0.22727272727272727
SKU00048,2024-11-18,Footwear,3.0,2,False,5.0,6.8,1.7999999999999998,0.36
SKU00048,2024-11-25,Footwear,3.0,2,False,8.0,7.0,-1.0,0.125
SKU00048,2024-12-02,Footwear,3.0,2,False,7.0,8.5,1.5,0.21428571428571427
SKU00048,2024-12-09,Footwear,3.0,2,False,17.0,9.2,-7.800000000000001,0.45882352941176474
SKU00048,2024-12-16,Footwear,3.0,2,False,10.0,8.7,-1.3000000000000007,0.13000000000000006
SKU00048,2024-12-23,Footwear,3.0,2,False,11.0,9.2,-1.8000000000000007,0.1636363636363637
SKU00049,2024-10-28,Footwear,1.0,2,False,0.0,0.6,0.6,
SKU00049,2024-11-04,Footwear,1.0,2,False,29.0,23.9,-5.100000000000001,0.1758620689655173
SKU00049,2024-11-11,Footwear,1.0,2,False,36.0,21.7,-14.3,0.39722222222222225
SKU00049,2024-11-18,Footwear,1.0,2,False,35.0,29.0,-6.0,0.17142857142857143
SKU00049,2024-11-25,Footwear,1.0,2,True,37.0,16.4,-20.6,0.5567567567567568
SKU00049,2024-12-02,Footwear,1.0,2,True,0.0,0.4,0.4,
SKU00049,2024-12-09,Footwear,1.0,2,True,0.0,1.2,1.2,
SKU00049,2024-12-16,Footwear,1.0,2,False,45.0,23.6,-21.4,0.4755555555555555
SKU00049,2024-12-23,Footwear,1.0,2,False,31.0,31.0,0.0,0.0
SKU00050,2024-10-28,Footwear,3.0,3,False,63.0,50.4,-12.600000000000001,0.2
SKU00050,2024-11-04,Footwear,3.0,3,False,70.0,57.2,-12.799999999999997,0.18285714285714283
SKU00050,2024-11-11,Footwear,3.0,3,False,63.0,47.4,-15.600000000000001,0.24761904761904766
SKU00050,2024-11-18,Footwear,3.0,3,False,59.0,49.0,-10.0,0.1694915254237288
SKU00050,2024-11-25,Footwear,3.0,3,False,101.0,49.7,-51.3,0.5079207920792079
SKU00050,2024-12-02,Footwear,3.0,3,False,77.0,49.7,-27.299999999999997,0.3545454545454545
SKU00050,2024-12-09,Footwear,3.0,3,False,61.0,50.4,-10.600000000000001,0.17377049180327872
SKU00050,2024-12-16,Footwear,3.0,3,False,58.0,50.8,-7.200000000000003,0.12413793103448281
SKU00050,2024-12-23,Footwear,3.0,3,False,71.0,48.9,-22.1,0.31126760563380285
SKU00051,2024-10-28,Bottoms,1.0,2,False,9.0,23.4,14.399999999999999,1.5999999999999999
SKU00051,2024-11-04,Bottoms,1.0,2,False,14.0,24.4,10.399999999999999,0.7428571428571428
SKU00051,2024-11-11,Bottoms,1.0,2,False,20.0,20.3,0.3000000000000007,0.015000000000000036
SKU00051,2024-11-18,Bottoms,1.0,2,False,17.0,18.5,1.5,0.08823529411764706
SKU00051,2024-11-25,Bottoms,1.0,2,False,22.0,19.7,-2.3000000000000007,0.10454545454545458
SKU00051,2024-12-02,Bottoms,1.0,2,False,15.0,19.5,4.5,0.3
SKU00051,2024-12-09,Bottoms,1.0,2,False,15.0,20.9,5.899999999999999,0.39333333333333326
SKU00051,2024-12-16,Bottoms,1.0,2,False,11.0,20.2,9.2,0.8363636363636363
SKU00051,2024-12-23,Bottoms,1.0,2,False,18.0,16.9,-1.1000000000000014,0.06111111111111119
SKU00052,2024-10-28,Dresses,1.0,2,False,31.0,26.4,-4.600000000000001,0.1483870967741936
SKU00052,2024-11-04,Dresses,1.0,2,False,15.0,25.9,10.899999999999999,0.7266666666666666
SKU00052,2024-11-11,Dresses,1.0,2,False,23.0,23.3,0.3000000000000007,0.013043478260869596
SKU00052,2024-11-18,Dresses,1.0,2,False,26.0,20.9,-5.100000000000001,0.1961538461538462
SKU00052,2024-11-25,Dresses,1.0,2,False,13.0,22.2,9.2,0.7076923076923076
SKU00052,2024-12-02,Dresses,1.0,2,False,17.0,20.8,3.8000000000000007,0.22352941176470592
SKU00052,2024-12-09,Dresses,1.0,2,False,10.0,20.8,10.8,1.08
SKU00052,2024-12-16,Dresses,1.0,2,False,15.0,30.7,15.7,1.0466666666666666
SKU00052,2024-12-23,Dresses,1.0,2,False,22.0,24.5,2.5,0.11363636363636363
SKU00053,2024-10-28,Dresses,3.0,3,False,0.0,2.6,2.6,
SKU00053,2024-11-04,Dresses,3.0,3,False,9.0,12.7,3.6999999999999993,0.41111111111111104
SKU00053,2024-11-11,Dresses,3.0,3,False,4.0,13.0,9.0,2.25
SKU00053,2024-11-18,Dresses,3.0,3,False,7.0,10.8,3.8000000000000007,0.5428571428571429
SKU00053,2024-11-25,Dresses,3.0,3,False,7.0,16.0,9.0,1.2857142857142858
SKU00053,2024-12-02,Dresses,3.0,3,False,5.0,7.1,2.0999999999999996,0.41999999999999993
SKU00053,2024-12-09,Dresses,3.0,3,False,7.0,6.5,-0.5,0.07142857142857142
SKU00053,2024-12-16,Dresses,3.0,3,False,5.0,12.2,7.199999999999999,1.44
SKU00053,2024-12-23,Dresses,3.0,3,False,4.0,12.6,8.6,2.15
SKU00054,2024-10-28,Dresses,1.0,2,False,12.0,12.3,0.3000000000000007,0.02500000000000006
SKU00054,2024-11-04,Dresses,1.0,2,False,9.0,9.5,0.5,0.05555555555555555
SKU00054,2024-11-11,Dresses,1.0,2,False,7.0,9.5,2.5,0.35714285714285715
SKU00054,2024-11-18,Dresses,1.0,2,False,11.0,8.2,-2.8000000000000007,0.25454545454545463
SKU00054,2024-11-25,Dresses,1.0,2,False,8.0,11.2,3.1999999999999993,0.3999999999999999
SKU00054,2024-12-02,Dresses,1.0,2,False,4.0,10.2,6.199999999999999,1.5499999999999998
SKU00054,2024-12-09,Dresses,1.0,2,False,6.0,9.8,3.8000000000000007,0.6333333333333334
SKU00054,2024-12-16,Dresses,1.0,2,False,7.0,8.6,1.5999999999999996,0.2285714285714285
SKU00054,2024-12-23,Dresses,1.0,2,False,7.0,9.1,2.0999999999999996,0.29999999999999993
SKU00055,2024-10-28,Tops,2.0,2,False,11.0,10.7,-0.3000000000000007,0.027272727272727337
SKU00055,2024-11-04,Tops,2.0,2,False,11.0,11.0,0.0,0.0
SKU00055,2024-11-11,Tops,2.0,2,False,11.0,10.2,-0.8000000000000007,0.0727272727272728
SKU00055,2024-11-18,Tops,2.0,2,False,13.0,9.9,-3.0999999999999996,0.23846153846153845
SKU00055,2024-11-25,Tops,2.0,2,False,12.0,9.2,-2.8000000000000007,0.2333333333333334
SKU00055,2024-12-02,Tops,2.0,2,False,8.0,9.3,1.3000000000000007,0.1625000000000001
SKU00055,2024-12-09,Tops,2.0,2,False,7.0,9.9,2.9000000000000004,0.4142857142857143
SKU00055,2024-12-16,Tops,2.0,2,False,11.0,9.4,-1.5999999999999996,0.14545454545454542
SKU00055,2024-12-23,Tops,2.0,2,False,6.0,8.4,2.4000000000000004,0.4000000000000001
SKU00056,2024-10-28,Outerwear,1.0,2,False,92.0,51.7,-40.3,0.43804347826086953
SKU00056,2024-11-04,Outerwear,1.0,2,False,88.0,72.9,-15.099999999999994,0.17159090909090902
SKU00056,2024-11-11,Outerwear,1.0,2,False,141.0,55.2,-85.8,0.6085106382978723
SKU00056,2024-11-18,Outerwear,1.0,2,False,69.0,61.8,-7.200000000000003,0.10434782608695656
SKU00056,2024-11-25,Outerwear,1.0,2,False,75.0,54.0,-21.0,0.28
SKU00056,2024-12-02,Outerwear,1.0,2,False,136.0,56.3,-79.7,0.5860294117647059
SKU00056,2024-12-09,Outerwear,1.0,2,False,110.0,72.0,-38.0,0.34545454545454546
SKU00056,2024-12-16,Outerwear,1.0,2,False,133.0,68.2,-64.8,0.48721804511278194
SKU00056,2024-12-23,Outerwear,1.0,2,False,189.0,80.1,-108.9,0.5761904761904763
SKU00057,2024-10-28,Tops,2.0,2,False,10.0,11.1,1.0999999999999996,0.10999999999999996
SKU00057,2024-11-04,Tops,2.0,2,False,12.0,12.4,0.40000000000000036,0.03333333333333336
SKU00057,2024-11-11,Tops,2.0,2,False,10.0,11.1,1.0999999999999996,0.10999999999999996
SKU00057,2024-11-18,Tops,2.0,2,False,9.0,9.5,0.5,0.05555555555555555
SKU00057,2024-11-25,Tops,2.0,2,False,6.0,11.4,5.4,0.9
SKU00057,2024-12-02,Tops,2.0,2,False,5.0,10.8,5.800000000000001,1.1600000000000001
SKU00057,2024-12-09,Tops,2.0,2,False,7.0,11.1,4.1,0.5857142857142856
SKU00057,2024-12-16,Tops,2.0,2,False,7.0,9.5,2.5,0.35714285714285715
SKU00057,2024-12-23,Tops,2.0,2,False,10.0,10.8,0.8000000000000007,0.08000000000000007
SKU00058,2024-10-28,Footwear,1.0,2,False,43.0,54.5,11.5,0.26744186046511625
SKU00058,2024-11-04,Footwear,1.0,2,False,60.0,56.2,-3.799999999999997,0.06333333333333328
SKU00058,2024-11-11,Footwear,1.0,2,False,34.0,56.2,22.200000000000003,0.6529411764705884
SKU00058,2024-11-18,Footwear,1.0,2,False,37.0,44.3,7.299999999999997,0.19729729729729722
SKU00058,2024-11-25,Footwear,1.0,2,False,29.0,43.0,14.0,0.4827586206896552
SKU00058,2024-12-02,Footwear,1.0,2,False,37.0,40.9,3.8999999999999986,0.10540540540540537
SKU00058,2024-12-09,Footwear,1.0,2,False,32.0,38.2,6.200000000000003,0.1937500000000001
SKU00058,2024-12-16,Footwear,1.0,2,False,39.0,36.5,-2.5,0.0641025641025641
SKU00058,2024-12-23,Footwear,1.0,2,False,49.0,36.3,-12.700000000000003,0.2591836734693878
SKU00059,2024-10-28,Footwear,1.0,2,False,5.0,5.3,0.2999999999999998,0.05999999999999996
SKU00059,2024-11-04,Footwear,1.0,2,False,36.0,24.4,-11.600000000000001,0.32222222222222224
SKU00059,2024-11-11,Footwear,1.0,2,False,25.0,23.9,-1.1000000000000014,0.04400000000000006
SKU00059,2024-11-18,Footwear,1.0,2,False,47.0,31.2,-15.8,0.3361702127659575
SKU00059,2024-11-25,Footwear,1.0,2,True,9.0,19.0,10.0,1.1111111111111112
SKU00059,2024-12-02,Footwear,1.0,2,False,0.0,3.1,3.1,
SKU00059,2024-12-09,Footwear,1.0,2,False,0.0,3.4,3.4,
SKU00059,2024-12-16,Footwear,1.0,2,False,23.0,9.5,-13.5,0.5869565217391305
SKU00059,2024-12-23,Footwear,1.0,2,False,26.0,26.9,0.8999999999999986,0.03461538461538456
SKU00060,2024-10-28,Accessories,1.0,1,False,39.0,100.6,61.599999999999994,1.5794871794871794
SKU00060,2024-11-04,Accessories,1.0,1,False,88.0,71.8,-16.200000000000003,0.1840909090909091
SKU00060,2024-11-11,Accessories,1.0,1,False,71.0,83.7,12.700000000000003,0.17887323943661976
SKU00060,2024-11-18,Accessories,1.0,1,False,82.0,79.9,-2.0999999999999943,0.025609756097560905
SKU00060,2024-11-25,Accessories,1.0,1,False,59.0,78.8,19.799999999999997,0.335593220338983
SKU00060,2024-12-02,Accessories,1.0,1,True,131.0,191.8,60.80000000000001,0.46412213740458025
SKU00060,2024-12-09,Accessories,1.0,1,True,151.0,155.5,4.5,0.029801324503311258
SKU00060,2024-12-16,Accessories,1.0,1,True,210.0,198.0,-12.0,0.05714285714285714
SKU00060,2024-12-23,Accessories,1.0,1,False,59.0,54.1,-4.899999999999999,0.0830508474576271
SKU00061,2024-10-28,Footwear,2.0,3,False,0.0,4.8,4.8,
SKU00061,2024-11-04,Footwear,2.0,3,False,19.0,11.6,-7.4,0.38947368421052636
SKU00061,2024-11-11,Footwear,2.0,3,False,17.0,16.6,-0.3999999999999986,0.0235294117647058
SKU00061,2024-11-18,Footwear,2.0,3,False,29.0,17.5,-11.5,0.39655172413793105
SKU00061,2024-11-25,Footwear,2.0,3,False,18.0,12.7,-5.300000000000001,0.2944444444444445
SKU00061,2024-12-02,Footwear,2.0,3,False,22.0,5.5,-16.5,0.75
SKU00061,2024-12-09,Footwear,2.0,3,False,11.0,5.4,-5.6,0.509090909090909
SKU00061,2024-12-16,Footwear,2.0,3,False,11.0,18.5,7.5,0.6818181818181818
SKU00061,2024-12-23,Footwear,2.0,3,False,15.0,19.0,4.0,0.26666666666666666
SKU00062,2024-10-28,Dresses,1.0,3,False,21.0,14.4,-6.6,0.3142857142857143
SKU00062,2024-11-04,Dresses,1.0,3,False,28.0,35.7,7.700000000000003,0.2750000000000001
SKU00062,2024-11-11,Dresses,1.0,3,False,15.0,38.9,23.9,1.5933333333333333
SKU00062,2024-11-18,Dresses,1.0,3,False,23.0,26.9,3.8999999999999986,0.16956521739130428
SKU00062,2024-11-25,Dresses,1.0,3,False,23.0,16.3,-6.699999999999999,0.29130434782608694
SKU00062,2024-12-02,Dresses,1.0,3,False,20.0,16.9,-3.1000000000000014,0.15500000000000008
SKU00062,2024-12-09,Dresses,1.0,3,False,18.0,11.5,-6.5,0.3611111111111111
SKU00062,2024-12-16,Dresses,1.0,3,False,9.0,13.5,4.5,0.5
SKU00062,2024-12-23,Dresses,1.0,3,False,16.0,14.9,-1.0999999999999996,0.06874999999999998
SKU00063,2024-10-28,Accessories,1.0,1,False,11.0,18.4,7.399999999999999,0.6727272727272726
SKU00063,2024-11-04,Accessories,1.0,1,False,12.0,19.2,7.199999999999999,0.6
SKU00063,2024-11-11,Accessories,1.0,1,False,17.0,17.8,0.8000000000000007,0.047058823529411806
SKU00063,2024-11-18,Accessories,1.0,1,False,12.0,16.6,4.600000000000001,0.38333333333333347
SKU00063,2024-11-25,Accessories,1.0,1,False,24.0,15.0,-9.0,0.375
SKU00063,2024-12-02,Accessories,1.0,1,False,12.0,17.2,5.199999999999999,0.4333333333333333
SKU00063,2024-12-09,Accessories,1.0,1,False,16.0,20.0,4.0,0.25
SKU00063,2024-12-16,Accessories,1.0,1,False,11.0,19.0,8.0,0.7272727272727273
SKU00063,2024-12-23,Accessories,1.0,1,False,9.0,17.4,8.399999999999999,0.9333333333333331
SKU00064,2024-10-28,Dresses,1.0,2,False,15.0,15.1,0.09999999999999964,0.006666666666666643
SKU00064,2024-11-04,Dresses,1.0,2,True,34.0,36.5,2.5,0.07352941176470588
SKU00064,2024-11-11,Dresses,1.0,2,True,45.0,48.6,3.6000000000000014,0.08000000000000003
SKU00064,2024-11-18,Dresses,1.0,2,True,22.0,36.0,14.0,0.6363636363636364
SKU00064,2024-11-25,Dresses,1.0,2,True,29.0,44.0,15.0,0.5172413793103449
SKU00064,2024-12-02,Dresses,1.0,2,False,7.0,19.3,12.3,1.7571428571428573
SKU00064,2024-12-09,Dresses,1.0,2,False,12.0,11.1,-0.9000000000000004,0.07500000000000002
SKU00064,2024-12-16,Dresses,1.0,2,False,20.0,10.2,-9.8,0.49000000000000005
SKU00064,2024-12-23,Dresses,1.0,2,False,9.0,11.6,2.5999999999999996,0.28888888888888886
SKU00065,2024-10-28,Bottoms,2.0,2,True,24.0,30.6,6.600000000000001,0.2750000000000001
SKU00065,2024-11-04,Bottoms,2.0,2,False,10.0,12.2,2.1999999999999993,0.21999999999999992
SKU00065,2024-11-11,Bottoms,2.0,2,False,11.0,14.1,3.0999999999999996,0.2818181818181818
SKU00065,2024-11-18,Bottoms,2.0,2,False,17.0,13.2,-3.8000000000000007,0.22352941176470592
SKU00065,2024-11-25,Bottoms,2.0,2,False,18.0,13.1,-4.9,0.27222222222222225
SKU00065,2024-12-02,Bottoms,2.0,2,False,15.0,13.2,-1.8000000000000007,0.12000000000000005
SKU00065,2024-12-09,Bottoms,2.0,2,False,14.0,12.9,-1.0999999999999996,0.07857142857142854
SKU00065,2024-12-16,Bottoms,2.0,2,False,14.0,13.0,-1.0,0.07142857142857142
SKU00065,2024-12-23,Bottoms,2.0,2,False,19.0,14.6,-4.4,0.23157894736842108
SKU00066,2024-10-28,Accessories,2.0,2,False,10.0,10.6,0.5999999999999996,0.05999999999999996
SKU00066,2024-11-04,Accessories,2.0,2,False,9.0,9.9,0.9000000000000004,0.10000000000000003
SKU00066,2024-11-11,Accessories,2.0,2,False,8.0,11.1,3.0999999999999996,0.38749999999999996
SKU00066,2024-11-18,Accessories,2.0,2,False,8.0,10.1,2.0999999999999996,0.26249999999999996
SKU00066,2024-11-25,Accessories,2.0,2,False,11.0,10.6,-0.40000000000000036,0.0363636363636364
SKU00066,2024-12-02,Accessories,2.0,2,False,7.0,11.1,4.1,0.5857142857142856
SKU00066,2024-12-09,Accessories,2.0,2,False,9.0,8.6,-0.40000000000000036,0.04444444444444448
SKU00066,2024-12-16,Accessories,2.0,2,False,6.0,10.3,4.300000000000001,0.7166666666666668
SKU00066,2024-12-23,Accessories,2.0,2,False,8.0,9.2,1.1999999999999993,0.1499999999999999
SKU00067,2024-10-28,Dresses,1.0,2,False,22.0,18.5,-3.5,0.1590909090909091
SKU00067,2024-11-04,Dresses,1.0,2,False,32.0,26.6,-5.399999999999999,0.16874999999999996
SKU00067,2024-11-11,Dresses,1.0,2,False,25.0,20.7,-4.300000000000001,0.17200000000000004
SKU00067,2024-11-18,Dresses,1.0,2,False,20.0,21.0,1.0,0.05
SKU00067,2024-11-25,Dresses,1.0,2,False,20.0,20.6,0.6000000000000014,0.030000000000000072
SKU00067,2024-12-02,Dresses,1.0,2,False,13.0,14.8,1.8000000000000007,0.13846153846153852
SKU00067,2024-12-09,Dresses,1.0,2,False,22.0,18.3,-3.6999999999999993,0.16818181818181815
SKU00067,2024-12-16,Dresses,1.0,2,False,21.0,12.1,-8.9,0.4238095238095238
SKU00067,2024-12-23,Dresses,1.0,2,False,14.0,16.3,2.3000000000000007,0.16428571428571434
SKU00068,2024-10-28,Tops,1.0,3,False,47.0,43.7,-3.299999999999997,0.07021276595744674
SKU00068,2024-11-04,Tops,1.0,3,False,26.0,45.7,19.700000000000003,0.7576923076923078
SKU00068,2024-11-11,Tops,1.0,3,False,32.0,45.2,13.200000000000003,0.4125000000000001
SKU00068,2024-11-18,Tops,1.0,3,False,33.0,65.2,32.2,0.9757575757575758
SKU00068,2024-11-25,Tops,1.0,3,False,23.0,39.5,16.5,0.717391304347826
SKU00068,2024-12-02,Tops,1.0,3,False,26.0,7.4,-18.6,0.7153846153846154
SKU00068,2024-12-09,Tops,1.0,3,False,23.0,6.8,-16.2,0.7043478260869565
SKU00068,2024-12-16,Tops,1.0,3,False,34.0,13.3,-20.7,0.6088235294117647
SKU00068,2024-12-23,Tops,1.0,3,False,28.0,19.0,-9.0,0.32142857142857145
SKU00069,2024-10-28,Dresses,1.0,3,False,29.0,35.1,6.100000000000001,0.21034482758620696
SKU00069,2024-11-04,Dresses,1.0,3,False,47.0,31.0,-16.0,0.3404255319148936
SKU00069,2024-11-11,Dresses,1.0,3,False,28.0,51.8,23.799999999999997,0.8499999999999999
SKU00069,2024-11-18,Dresses,1.0,3,False,27.0,13.3,-13.7,0.5074074074074074
SKU00069,2024-11-25,Dresses,1.0,3,False,20.0,9.8,-10.2,0.51
SKU00069,2024-12-02,Dresses,1.0,3,False,29.0,17.7,-11.3,0.3896551724137931
SKU00069,2024-12-09,Dresses,1.0,3,False,18.0,21.9,3.8999999999999986,0.2166666666666666
SKU00069,2024-12-16,Dresses,1.0,3,False,24.0,21.0,-3.0,0.125
SKU00069,2024-12-23,Dresses,1.0,3,False,24.0,18.1,-5.899999999999999,0.24583333333333326
SKU00070,2024-10-28,Footwear,1.0,1,False,40.0,28.4,-11.600000000000001,0.29000000000000004
SKU00070,2024-11-04,Footwear,1.0,1,False,23.0,29.3,6.300000000000001,0.2739130434782609
SKU00070,2024-11-11,Footwear,1.0,1,False,33.0,27.9,-5.100000000000001,0.1545454545454546
SKU00070,2024-11-18,Footwear,1.0,1,False,20.0,28.1,8.100000000000001,0.4050000000000001
SKU00070,2024-11-25,Footwear,1.0,1,False,31.0,25.9,-5.100000000000001,0.16451612903225812
SKU00070,2024-12-02,Footwear,1.0,1,False,45.0,28.3,-16.7,0.3711111111111111
SKU00070,2024-12-09,Footwear,1.0,1,False,20.0,29.3,9.3,0.465
SKU00070,2024-12-16,Footwear,1.0,1,False,30.0,27.4,-2.6000000000000014,0.08666666666666671
SKU00070,2024-12-23,Footwear,1.0,1,False,23.0,29.4,6.399999999999999,0.27826086956521734
SKU00071,2024-10-28,Bottoms,1.0,2,False,0.0,27.9,27.9,
SKU00071,2024-11-04,Bottoms,1.0,2,False,39.0,59.6,20.6,0.5282051282051282
SKU00071,2024-11-11,Bottoms,1.0,2,False,55.0,45.1,-9.899999999999999,0.17999999999999997
SKU00071,2024-11-18,Bottoms,1.0,2,False,31.0,49.4,18.4,0.5935483870967742
SKU00071,2024-11-25,Bottoms,1.0,2,False,34.0,24.1,-9.899999999999999,0.29117647058823526
SKU00071,2024-12-02,Bottoms,1.0,2,False,51.0,11.5,-39.5,0.7745098039215687
SKU00071,2024-12-09,Bottoms,1.0,2,False,12.0,7.1,-4.9,0.4083333333333334
SKU00071,2024-12-16,Bottoms,1.0,2,False,56.0,51.7,-4.299999999999997,0.07678571428571423
SKU00071,2024-12-23,Bottoms,1.0,2,False,42.0,48.2,6.200000000000003,0.14761904761904768
SKU00072,2024-10-28,Dresses,1.0,2,False,34.0,56.8,22.799999999999997,0.6705882352941176
SKU00072,2024-11-04,Dresses,1.0,2,False,47.0,54.9,7.899999999999999,0.1680851063829787
SKU00072,2024-11-11,Dresses,1.0,2,False,37.0,49.6,12.600000000000001,0.34054054054054056
SKU00072,2024-11-18,Dresses,1.0,2,False,41.0,38.6,-2.3999999999999986,0.05853658536585363
SKU00072,2024-11-25,Dresses,1.0,2,False,33.0,42.7,9.700000000000003,0.293939393939394
SKU00072,2024-12-02,Dresses,1.0,2,False,23.0,34.1,11.100000000000001,0.48260869565217396
SKU00072,2024-12-09,Dresses,1.0,2,False,49.0,49.4,0.3999999999999986,0.00816326530612242
SKU00072,2024-12-16,Dresses,1.0,2,False,30.0,37.7,7.700000000000003,0.25666666666666677
SKU00072,2024-12-23,Dresses,1.0,2,False,28.0,45.4,17.4,0.6214285714285713
SKU00073,2024-10-28,Tops,1.0,2,False,14.0,24.8,10.8,0.7714285714285715
SKU00073,2024-11-04,Tops,1.0,2,False,22.0,23.3,1.3000000000000007,0.059090909090909124
SKU00073,2024-11-11,Tops,1.0,2,False,10.0,16.6,6.600000000000001,0.6600000000000001
SKU00073,2024-11-18,Tops,1.0,2,False,26.0,16.9,-9.100000000000001,0.35000000000000003
SKU00073,2024-11-25,Tops,1.0,2,False,16.0,17.6,1.6000000000000014,0.10000000000000009
SKU00073,2024-12-02,Tops,1.0,2,False,10.0,18.1,8.100000000000001,0.8100000000000002
SKU00073,2024-12-09,Tops,1.0,2,False,17.0,18.6,1.6000000000000014,0.09411764705882361
SKU00073,2024-12-16,Tops,1.0,2,False,18.0,20.4,2.3999999999999986,0.13333333333333325
SKU00073,2024-12-23,Tops,1.0,2,False,15.0,17.8,2.8000000000000007,0.1866666666666667
SKU00074,2024-10-28,Footwear,3.0,2,False,0.0,0.8,0.8,
SKU00074,2024-11-04,Footwear,3.0,2,False,11.0,16.0,5.0,0.45454545454545453
SKU00074,2024-11-11,Footwear,3.0,2,False,17.0,13.4,-3.5999999999999996,0.2117647058823529
SKU00074,2024-11-18,Footwear,3.0,2,False,9.0,15.9,6.9,0.7666666666666667
SKU00074,2024-11-25,Footwear,3.0,2,False,13.0,14.3,1.3000000000000007,0.10000000000000006
SKU00074,2024-12-02,Footwear,3.0,2,True,13.0,2.2,-10.8,0.8307692307692308
SKU00074,2024-12-09,Footwear,3.0,2,False,0.0,2.0,2.0,
SKU00074,2024-12-16,Footwear,3.0,2,False,15.0,16.7,1.6999999999999993,0.11333333333333329
SKU00074,2024-12-23,Footwear,3.0,2,True,29.0,52.4,23.4,0.8068965517241379
SKU00075,2024-10-28,Dresses,2.0,2,False,11.0,3.7,-7.3,0.6636363636363636
SKU00075,2024-11-04,Dresses,2.0,2,False,9.0,21.4,12.399999999999999,1.3777777777777775
SKU00075,2024-11-11,Dresses,2.0,2,False,14.0,23.0,9.0,0.6428571428571429
SKU00075,2024-11-18,Dresses,2.0,2,False,12.0,25.8,13.8,1.1500000000000001
SKU00075,2024-11-25,Dresses,2.0,2,False,10.0,31.3,21.3,2.13
SKU00075,2024-12-02,Dresses,2.0,2,False,18.0,11.0,-7.0,0.3888888888888889
SKU00075,2024-12-09,Dresses,2.0,2,False,12.0,6.7,-5.3,0.44166666666666665
SKU00075,2024-12-16,Dresses,2.0,2,False,9.0,12.8,3.8000000000000007,0.4222222222222223
SKU00075,2024-12-23,Dresses,2.0,2,False,10.0,11.0,1.0,0.1
SKU00076,2024-10-28,Bottoms,2.0,2,True,19.0,37.7,18.700000000000003,0.9842105263157896
SKU00076,2024-11-04,Bottoms,2.0,2,False,13.0,13.4,0.40000000000000036,0.030769230769230795
SKU00076,2024-11-11,Bottoms,2.0,2,False,10.0,11.2,1.1999999999999993,0.11999999999999993
SKU00076,2024-11-18,Bottoms,2.0,2,False,14.0,11.0,-3.0,0.21428571428571427
SKU00076,2024-11-25,Bottoms,2.0,2,False,6.0,11.3,5.300000000000001,0.8833333333333334
SKU00076,2024-12-02,Bottoms,2.0,2,False,10.0,11.6,1.5999999999999996,0.15999999999999998
SKU00076,2024-12-09,Bottoms,2.0,2,False,13.0,11.1,-1.9000000000000004,0.1461538461538462
SKU00076,2024-12-16,Bottoms,2.0,2,False,13.0,10.8,-2.1999999999999993,0.16923076923076918
SKU00076,2024-12-23,Bottoms,2.0,2,False,11.0,11.7,0.6999999999999993,0.06363636363636357
SKU00077,2024-10-28,Bottoms,3.0,3,True,60.0,36.4,-23.6,0.39333333333333337
SKU00077,2024-11-04,Bottoms,3.0,3,False,17.0,3.7,-13.3,0.7823529411764706
SKU00077,2024-11-11,Bottoms,3.0,3,False,18.0,4.8,-13.2,0.7333333333333333
SKU00077,2024-11-18,Bottoms,3.0,3,False,0.0,3.2,3.2,
SKU00077,2024-11-25,Bottoms,3.0,3,False,0.0,5.0,5.0,
SKU00077,2024-12-02,Bottoms,3.0,3,False,15.0,22.7,7.699999999999999,0.5133333333333333
SKU00077,2024-12-09,Bottoms,3.0,3,False,26.0,22.8,-3.1999999999999993,0.12307692307692306
SKU00077,2024-12-16,Bottoms,3.0,3,False,17.0,22.8,5.800000000000001,0.34117647058823536
SKU00077,2024-12-23,Bottoms,3.0,3,True,45.0,4.8,-40.2,0.8933333333333334
SKU00078,2024-10-28,Outerwear,3.0,3,False,0.0,0.2,0.2,
SKU00078,2024-11-04,Outerwear,3.0,3,False,16.0,7.8,-8.2,0.5125
SKU00078,2024-11-11,Outerwear,3.0,3,False,15.0,8.2,-6.800000000000001,0.45333333333333337
SKU00078,2024-11-18,Outerwear,3.0,3,False,12.0,11.0,-1.0,0.08333333333333333
SKU00078,2024-11-25,Outerwear,3.0,3,False,8.0,9.0,1.0,0.125
SKU00078,2024-12-02,Outerwear,3.0,3,False,0.0,1.6,1.6,
SKU00078,2024-12-09,Outerwear,3.0,3,False,0.0,1.8,1.8,
SKU00078,2024-12-16,Outerwear,3.0,3,False,19.0,10.2,-8.8,0.46315789473684216
SKU00078,2024-12-23,Outerwear,3.0,3,False,19.0,13.9,-5.1,0.26842105263157895
SKU00079,2024-10-28,Footwear,2.0,2,False,0.0,2.1,2.1,
SKU00079,2024-11-04,Footwear,2.0,2,False,20.0,26.7,6.699999999999999,0.33499999999999996
SKU00079,2024-11-11,Footwear,2.0,2,False,20.0,25.0,5.0,0.25
SKU00079,2024-11-18,Footwear,2.0,2,False,26.0,28.5,2.5,0.09615384615384616
SKU00079,2024-11-25,Footwear,2.0,2,True,69.0,49.3,-19.700000000000003,0.28550724637681163
SKU00079,2024-12-02,Footwear,2.0,2,True,0.0,17.7,17.7,
SKU00079,2024-12-09,Footwear,2.0,2,False,0.0,8.7,8.7,
SKU00079,2024-12-16,Footwear,2.0,2,True,34.0,53.4,19.4,0.5705882352941176
SKU00079,2024-12-23,Footwear,2.0,2,True,77.0,51.8,-25.200000000000003,0.3272727272727273
SKU00080,2024-10-28,Accessories,1.0,2,False,21.0,17.6,-3.3999999999999986,0.16190476190476183
SKU00080,2024-11-04,Accessories,1.0,2,False,17.0,20.1,3.1000000000000014,0.18235294117647066
SKU00080,2024-11-11,Accessories,1.0,2,False,21.0,19.4,-1.6000000000000014,0.07619047619047625
SKU00080,2024-11-18,Accessories,1.0,2,False,12.0,18.1,6.100000000000001,0.5083333333333334
SKU00080,2024-11-25,Accessories,1.0,2,False,24.0,13.9,-10.1,0.42083333333333334
SKU00080,2024-12-02,Accessories,1.0,2,False,22.0,17.9,-4.100000000000001,0.18636363636363643
SKU00080,2024-12-09,Accessories,1.0,2,False,22.0,20.6,-1.3999999999999986,0.06363636363636357
SKU00080,2024-12-16,Accessories,1.0,2,False,15.0,17.4,2.3999999999999986,0.1599999999999999
SKU00080,2024-12-23,Accessories,1.0,2,False,19.0,16.1,-2.8999999999999986,0.15263157894736834
SKU00081,2024-10-28,Dresses,1.0,2,False,9.0,15.8,6.800000000000001,0.7555555555555556
SKU00081,2024-11-04,Dresses,1.0,2,False,12.0,16.6,4.600000000000001,0.38333333333333347
SKU00081,2024-11-11,Dresses,1.0,2,False,14.0,12.0,-2.0,0.14285714285714285
SKU00081,2024-11-18,Dresses,1.0,2,False,11.0,15.0,4.0,0.36363636363636365
SKU00081,2024-11-25,Dresses,1.0,2,False,11.0,12.9,1.9000000000000004,0.17272727272727276
SKU00081,2024-12-02,Dresses,1.0,2,False,11.0,13.7,2.6999999999999993,0.2454545454545454
SKU00081,2024-12-09,Dresses,1.0,2,False,8.0,13.5,5.5,0.6875
SKU00081,2024-12-16,Dresses,1.0,2,False,11.0,11.8,0.8000000000000007,0.0727272727272728
SKU00081,2024-12-23,Dresses,1.0,2,False,10.0,11.2,1.1999999999999993,0.11999999999999993
SKU00082,2024-10-28,Tops,3.0,2,False,8.0,9.1,1.0999999999999996,0.13749999999999996
SKU00082,2024-11-04,Tops,3.0,2,False,5.0,7.3,2.3,0.45999999999999996
SKU00082,2024-11-11,Tops,3.0,2,False,4.0,6.1,2.0999999999999996,0.5249999999999999
SKU00082,2024-11-18,Tops,3.0,2,False,5.0,6.2,1.2000000000000002,0.24000000000000005
SKU00082,2024-11-25,Tops,3.0,2,False,6.0,5.3,-0.7000000000000002,0.1166666666666667
SKU00082,2024-12-02,Tops,3.0,2,False,3.0,5.7,2.7,0.9
SKU00082,2024-12-09,Tops,3.0,2,False,5.0,5.2,0.20000000000000018,0.040000000000000036
SKU00082,2024-12-16,Tops,3.0,2,False,4.0,4.9,0.9000000000000004,0.2250000000000001
SKU00082,2024-12-23,Tops,3.0,2,False,4.0,5.2,1.2000000000000002,0.30000000000000004
SKU00083,2024-10-28,Footwear,1.0,2,False,20.0,27.0,7.0,0.35
SKU00083,2024-11-04,Footwear,1.0,2,False,30.0,23.3,-6.699999999999999,0.2233333333333333
SKU00083,2024-11-11,Footwear,1.0,2,False,19.0,21.1,2.1000000000000014,0.11052631578947376
SKU00083,2024-11-18,Footwear,1.0,2,False,22.0,23.1,1.1000000000000014,0.050000000000000065
SKU00083,2024-11-25,Footwear,1.0,2,False,34.0,24.2,-9.8,0.2882352941176471
SKU00083,2024-12-02,Footwear,1.0,2,False,30.0,21.6,-8.399999999999999,0.27999999999999997
SKU00083,2024-12-09,Footwear,1.0,2,False,18.0,25.6,7.600000000000001,0.4222222222222223
SKU00083,2024-12-16,Footwear,1.0,2,False,25.0,21.8,-3.1999999999999993,0.12799999999999997
SKU00083,2024-12-23,Footwear,1.0,2,False,22.0,24.5,2.5,0.11363636363636363
SKU00084,2024-10-28,Outerwear,3.0,2,False,8.0,9.6,1.5999999999999996,0.19999999999999996
SKU00084,2024-11-04,Outerwear,3.0,2,False,12.0,8.3,-3.6999999999999993,0.3083333333333333
SKU00084,2024-11-11,Outerwear,3.0,2,False,11.0,11.1,0.09999999999999964,0.00909090909090906
SKU00084,2024-11-18,Outerwear,3.0,2,False,12.0,10.1,-1.9000000000000004,0.15833333333333335
SKU00084,2024-11-25,Outerwear,3.0,2,False,6.0,9.9,3.9000000000000004,0.65
SKU00084,2024-12-02,Outerwear,3.0,2,False,8.0,9.8,1.8000000000000007,0.2250000000000001
SKU00084,2024-12-09,Outerwear,3.0,2,False,7.0,12.5,5.5,0.7857142857142857
SKU00084,2024-12-16,Outerwear,3.0,2,False,13.0,10.7,-2.3000000000000007,0.176923076923077
SKU00084,2024-12-23,Outerwear,3.0,2,False,6.0,10.5,4.5,0.75
SKU00085,2024-10-28,Footwear,1.0,2,False,39.0,26.8,-12.2,0.3128205128205128
SKU00085,2024-11-04,Footwear,1.0,2,False,21.0,28.2,7.199999999999999,0.3428571428571428
SKU00085,2024-11-11,Footwear,1.0,2,False,40.0,32.0,-8.0,0.2
SKU00085,2024-11-18,Footwear,1.0,2,False,21.0,28.0,7.0,0.3333333333333333
SKU00085,2024-11-25,Footwear,1.0,2,False,49.0,33.0,-16.0,0.32653061224489793
SKU00085,2024-12-02,Footwear,1.0,2,False,33.0,32.6,-0.3999999999999986,0.012121212121212078
SKU00085,2024-12-09,Footwear,1.0,2,True,93.0,68.7,-24.299999999999997,0.2612903225806451
SKU00085,2024-12-16,Footwear,1.0,2,True,86.0,71.2,-14.799999999999997,0.1720930232558139
SKU00085,2024-12-23,Footwear,1.0,2,True,55.0,99.1,44.099999999999994,0.8018181818181818
SKU00086,2024-10-28,Tops,2.0,2,False,8.0,9.0,1.0,0.125
SKU00086,2024-11-04,Tops,2.0,2,False,7.0,8.0,1.0,0.14285714285714285
SKU00086,2024-11-11,Tops,2.0,2,False,6.0,7.7,1.7000000000000002,0.2833333333333334
SKU00086,2024-11-18,Tops,2.0,2,True,15.0,23.9,8.899999999999999,0.5933333333333333
SKU00086,2024-11-25,Tops,2.0,2,True,20.0,19.4,-0.6000000000000014,0.030000000000000072
SKU00086,2024-12-02,Tops,2.0,2,False,6.0,7.0,1.0,0.16666666666666666
SKU00086,2024-12-09,Tops,2.0,2,False,5.0,6.4,1.4000000000000004,0.2800000000000001
SKU00086,2024-12-16,Tops,2.0,2,False,5.0,6.1,1.0999999999999996,0.21999999999999992
SKU00086,2024-12-23,Tops,2.0,2,True,20.0,23.4,3.3999999999999986,0.16999999999999993
SKU00087,2024-10-28,Bottoms,1.0,3,False,0.0,14.1,14.1,
SKU00087,2024-11-04,Bottoms,1.0,3,False,42.0,45.2,3.200000000000003,0.07619047619047625
SKU00087,2024-11-11,Bottoms,1.0,3,False,40.0,40.6,0.6000000000000014,0.015000000000000036
SKU00087,2024-11-18,Bottoms,1.0,3,False,35.0,36.6,1.6000000000000014,0.045714285714285756
SKU00087,2024-11-25,Bottoms,1.0,3,False,63.0,30.1,-32.9,0.5222222222222223
SKU00087,2024-12-02,Bottoms,1.0,3,False,4.0,7.5,3.5,0.875
SKU00087,2024-12-09,Bottoms,1.0,3,False,0.0,2.2,2.2,
SKU00087,2024-12-16,Bottoms,1.0,3,False,31.0,13.2,-17.8,0.5741935483870968
SKU00087,2024-12-23,Bottoms,1.0,3,False,37.0,37.9,0.8999999999999986,0.024324324324324288
SKU00088,2024-10-28,Footwear,1.0,2,False,62.0,73.5,11.5,0.18548387096774194
SKU00088,2024-11-04,Footwear,1.0,2,False,52.0,76.8,24.799999999999997,0.4769230769230769
SKU00088,2024-11-11,Footwear,1.0,2,False,109.0,73.7,-35.3,0.3238532110091743
SKU00088,2024-11-18,Footwear,1.0,2,False,55.0,67.8,12.799999999999997,0.23272727272727267
SKU00088,2024-11-25,Footwear,1.0,2,False,83.0,73.8,-9.200000000000003,0.11084337349397594
SKU00088,2024-12-02,Footwear,1.0,2,False,42.0,86.4,44.400000000000006,1.0571428571428574
SKU00088,2024-12-09,Footwear,1.0,2,False,63.0,70.6,7.599999999999994,0.12063492063492054
SKU00088,2024-12-16,Footwear,1.0,2,False,76.0,79.1,3.0999999999999943,0.04078947368421045
SKU00088,2024-12-23,Footwear,1.0,2,False,67.0,79.0,12.0,0.1791044776119403
SKU00089,2024-10-28,Footwear,1.0,2,False,29.0,26.6,-2.3999999999999986,0.08275862068965513
SKU00089,2024-11-04,Footwear,1.0,2,True,58.0,58.8,0.7999999999999972,0.013793103448275813
SKU00089,2024-11-11,Footwear,1.0,2,True,46.0,76.5,30.5,0.6630434782608695
SKU00089,2024-11-18,Footwear,1.0,2,False,29.0,25.0,-4.0,0.13793103448275862
SKU00089,2024-11-25,Footwear,1.0,2,False,15.0,27.9,12.899999999999999,0.8599999999999999
SKU00089,2024-12-02,Footwear,1.0,2,False,28.0,26.3,-1.6999999999999993,0.060714285714285686
SKU00089,2024-12-09,Footwear,1.0,2,False,31.0,28.9,-2.1000000000000014,0.06774193548387102
SKU00089,2024-12-16,Footwear,1.0,2,False,24.0,28.8,4.800000000000001,0.20000000000000004
SKU00089,2024-12-23,Footwear,1.0,2,False,22.0,26.2,4.199999999999999,0.1909090909090909
SKU00090,2024-10-28,Dresses,1.0,2,False,29.0,31.4,2.3999999999999986,0.08275862068965513
SKU00090,2024-11-04,Dresses,1.0,2,False,35.0,37.5,2.5,0.07142857142857142
SKU00090,2024-11-11,Dresses,1.0,2,False,34.0,27.6,-6.399999999999999,0.18823529411764703
SKU00090,2024-11-18,Dresses,1.0,2,False,20.0,31.9,11.899999999999999,0.595
SKU00090,2024-11-25,Dresses,1.0,2,False,22.0,38.7,16.700000000000003,0.7590909090909093
SKU00090,2024-12-02,Dresses,1.0,2,False,28.0,47.0,19.0,0.6785714285714286
SKU00090,2024-12-09,Dresses,1.0,2,False,21.0,24.2,3.1999999999999993,0.15238095238095234
SKU00090,2024-12-16,Dresses,1.0,2,False,18.0,31.0,13.0,0.7222222222222222
SKU00090,2024-12-23,Dresses,1.0,2,False,43.0,30.3,-12.7,0.29534883720930233
SKU00091,2024-10-28,Footwear,3.0,2,False,11.0,9.7,-1.3000000000000007,0.11818181818181825
SKU00091,2024-11-04,Footwear,3.0,2,False,15.0,11.2,-3.8000000000000007,0.25333333333333335
SKU00091,2024-11-11,Footwear,3.0,2,False,15.0,10.2,-4.800000000000001,0.32000000000000006
SKU00091,2024-11-18,Footwear,3.0,2,False,17.0,9.8,-7.199999999999999,0.4235294117647058
SKU00091,2024-11-25,Footwear,3.0,2,False,14.0,11.6,-2.4000000000000004,0.17142857142857146
SKU00091,2024-12-02,Footwear,3.0,2,True,27.0,22.5,-4.5,0.16666666666666666
SKU00091,2024-12-09,Footwear,3.0,2,False,13.0,8.9,-4.1,0.3153846153846154
SKU00091,2024-12-16,Footwear,3.0,2,False,11.0,11.1,0.09999999999999964,0.00909090909090906
SKU00091,2024-12-23,Footwear,3.0,2,False,9.0,10.3,1.3000000000000007,0.14444444444444451
SKU00092,2024-10-28,Accessories,3.0,2,False,0.0,0.4,0.4,
SKU00092,2024-11-04,Accessories,3.0,2,False,7.0,9.4,2.4000000000000004,0.3428571428571429
SKU00092,2024-11-11,Accessories,3.0,2,False,7.0,12.4,5.4,0.7714285714285715
SKU00092,2024-11-18,Accessories,3.0,2,False,11.0,8.2,-2.8000000000000007,0.25454545454545463
SKU00092,2024-11-25,Accessories,3.0,2,False,7.0,5.4,-1.5999999999999996,0.2285714285714285
SKU00092,2024-12-02,Accessories,3.0,2,False,0.0,0.3,0.3,
SKU00092,2024-12-09,Accessories,3.0,2,False,0.0,1.1,1.1,
SKU00092,2024-12-16,Accessories,3.0,2,False,7.0,7.8,0.7999999999999998,0.11428571428571425
SKU00092,2024-12-23,Accessories,3.0,2,True,7.0,31.9,24.9,3.557142857142857
SKU00093,2024-10-28,Dresses,3.0,2,False,13.0,19.0,6.0,0.46153846153846156
SKU00093,2024-11-04,Dresses,3.0,2,False,10.0,10.3,0.3000000000000007,0.030000000000000072
SKU00093,2024-11-11,Dresses,3.0,2,False,10.0,6.5,-3.5,0.35
SKU00093,2024-11-18,Dresses,3.0,2,False,13.0,13.5,0.5,0.038461538461538464
SKU00093,2024-11-25,Dresses,3.0,2,False,7.0,11.8,4.800000000000001,0.6857142857142858
SKU00093,2024-12-02,Dresses,3.0,2,False,10.0,8.9,-1.0999999999999996,0.10999999999999996
SKU00093,2024-12-09,Dresses,3.0,2,False,10.0,10.6,0.5999999999999996,0.05999999999999996
SKU00093,2024-12-16,Dresses,3.0,2,False,9.0,10.2,1.1999999999999993,0.13333333333333325
SKU00093,2024-12-23,Dresses,3.0,2,False,7.0,7.9,0.9000000000000004,0.12857142857142861
SKU00094,2024-10-28,Accessories,1.0,2,False,19.0,20.2,1.1999999999999993,0.06315789473684207
SKU00094,2024-11-04,Accessories,1.0,2,False,16.0,22.7,6.699999999999999,0.41874999999999996
SKU00094,2024-11-11,Accessories,1.0,2,False,19.0,23.5,4.5,0.23684210526315788
SKU00094,2024-11-18,Accessories,1.0,2,False,25.0,22.9,-2.1000000000000014,0.08400000000000006
SKU00094,2024-11-25,Accessories,1.0,2,False,24.0,18.7,-5.300000000000001,0.22083333333333335
SKU00094,2024-12-02,Accessories,1.0,2,False,19.0,21.3,2.3000000000000007,0.12105263157894741
SKU00094,2024-12-09,Accessories,1.0,2,False,14.0,21.7,7.699999999999999,0.5499999999999999
SKU00094,2024-12-16,Accessories,1.0,2,False,16.0,23.1,7.100000000000001,0.4437500000000001
SKU00094,2024-12-23,Accessories,1.0,2,False,21.0,19.6,-1.3999999999999986,0.0666666666666666
SKU00095,2024-10-28,Bottoms,2.0,2,False,0.0,14.6,14.6,
SKU00095,2024-11-04,Bottoms,2.0,2,False,26.0,23.2,-2.8000000000000007,0.10769230769230773
SKU00095,2024-11-11,Bottoms,2.0,2,False,18.0,20.0,2.0,0.1111111111111111
SKU00095,2024-11-18,Bottoms,2.0,2,False,17.0,17.6,0.6000000000000014,0.035294117647058906
SKU00095,2024-11-25,Bottoms,2.0,2,False,0.0,5.0,5.0,
SKU00095,2024-12-02,Bottoms,2.0,2,False,0.0,0.3,0.3,
SKU00095,2024-12-09,Bottoms,2.0,2,False,0.0,0.8,0.8,
SKU00095,2024-12-16,Bottoms,2.0,2,False,15.0,15.3,0.3000000000000007,0.02000000000000005
SKU00095,2024-12-23,Bottoms,2.0,2,False,16.0,20.5,4.5,0.28125
SKU00096,2024-10-28,Bottoms,3.0,3,False,40.0,5.8,-34.2,0.8550000000000001
SKU00096,2024-11-04,Bottoms,3.0,3,False,39.0,15.2,-23.8,0.6102564102564103
SKU00096,2024-11-11,Bottoms,3.0,3,False,30.0,19.6,-10.399999999999999,0.3466666666666666
SKU00096,2024-11-18,Bottoms,3.0,3,False,35.0,17.5,-17.5,0.5
SKU00096,2024-11-25,Bottoms,3.0,3,False,26.0,10.1,-15.9,0.6115384615384616
SKU00096,2024-12-02,Bottoms,3.0,3,False,19.0,15.1,-3.9000000000000004,0.20526315789473687
SKU00096,2024-12-09,Bottoms,3.0,3,True,62.0,49.3,-12.700000000000003,0.2048387096774194
SKU00096,2024-12-16,Bottoms,3.0,3,True,89.0,43.5,-45.5,0.5112359550561798
SKU00096,2024-12-23,Bottoms,3.0,3,True,0.0,5.6,5.6,
SKU00097,2024-10-28,Footwear,1.0,2,False,32.0,37.6,5.600000000000001,0.17500000000000004
SKU00097,2024-11-04,Footwear,1.0,2,False,48.0,34.7,-13.299999999999997,0.2770833333333333
SKU00097,2024-11-11,Footwear,1.0,2,False,24.0,29.0,5.0,0.20833333333333334
SKU00097,2024-11-18,Footwear,1.0,2,False,35.0,33.1,-1.8999999999999986,0.05428571428571424
SKU00097,2024-11-25,Footwear,1.0,2,False,37.0,32.3,-4.700000000000003,0.12702702702702712
SKU00097,2024-12-02,Footwear,1.0,2,False,24.0,32.0,8.0,0.3333333333333333
SKU00097,2024-12-09,Footwear,1.0,2,False,38.0,28.1,-9.899999999999999,0.26052631578947366
SKU00097,2024-12-16,Footwear,1.0,2,False,35.0,34.8,-0.20000000000000284,0.005714285714285796
SKU00097,2024-12-23,Footwear,1.0,2,False,49.0,32.7,-16.299999999999997,0.33265306122448973
SKU00098,2024-10-28,Outerwear,3.0,3,False,0.0,2.2,2.2,
SKU00098,2024-11-04,Outerwear,3.0,3,True,24.0,7.3,-16.7,0.6958333333333333
SKU00098,2024-11-11,Outerwear,3.0,3,True,12.0,12.8,0.8000000000000007,0.06666666666666672
SKU00098,2024-11-18,Outerwear,3.0,3,True,0.0,8.3,8.3,
SKU00098,2024-11-25,Outerwear,3.0,3,True,0.0,1.6,1.6,
SKU00098,2024-12-02,Outerwear,3.0,3,True,0.0,0.3,0.3,
SKU00098,2024-12-09,Outerwear,3.0,3,False,0.0,1.2,1.2,
SKU00098,2024-12-16,Outerwear,3.0,3,False,12.0,11.3,-0.6999999999999993,0.05833333333333327
SKU00098,2024-12-23,Outerwear,3.0,3,False,14.0,11.9,-2.0999999999999996,0.14999999999999997
SKU00099,2024-10-28,Tops,3.0,2,False,3.0,4.8,1.7999999999999998,0.6
SKU00099,2024-11-04,Tops,3.0,2,False,3.0,6.2,3.2,1.0666666666666667
SKU00099,2024-11-11,Tops,3.0,2,False,4.0,5.3,1.2999999999999998,0.32499999999999996
SKU00099,2024-11-18,Tops,3.0,2,True,12.0,9.6,-2.4000000000000004,0.20000000000000004
SKU00099,2024-11-25,Tops,3.0,2,False,3.0,2.1,-0.8999999999999999,0.3
SKU00099,2024-12-02,Tops,3.0,2,True,7.0,10.1,3.0999999999999996,0.4428571428571428
SKU00099,2024-12-09,Tops,3.0,2,True,11.0,8.2,-2.8000000000000007,0.25454545454545463
SKU00099,2024-12-16,Tops,3.0,2,False,3.0,3.0,0.0,0.0
SKU00099,2024-12-23,Tops,3.0,2,False,3.0,3.9,0.8999999999999999,0.3
SKU00100,2024-10-28,Footwear,1.0,2,False,22.0,10.0,-12.0,0.5454545454545454
SKU00100,2024-11-04,Footwear,1.0,2,False,32.0,30.9,-1.1000000000000014,0.034375000000000044
SKU00100,2024-11-11,Footwear,1.0,2,False,18.0,22.3,4.300000000000001,0.23888888888888893
SKU00100,2024-11-18,Footwear,1.0,2,False,18.0,19.5,1.5,0.08333333333333333
SKU00100,2024-11-25,Footwear,1.0,2,False,28.0,24.3,-3.6999999999999993,0.13214285714285712
SKU00100,2024-12-02,Footwear,1.0,2,False,38.0,23.7,-14.3,0.3763157894736842
SKU00100,2024-12-09,Footwear,1.0,2,False,27.0,24.1,-2.8999999999999986,0.10740740740740735
SKU00100,2024-12-16,Footwear,1.0,2,False,19.0,24.0,5.0,0.2631578947368421
SKU00100,2024-12-23,Footwear,1.0,2,False,27.0,25.6,-1.3999999999999986,0.0518518518518518
SKU00101,2024-10-28,Bottoms,1.0,2,True,116.0,100.3,-15.700000000000003,0.13534482758620692
SKU00101,2024-11-04,Bottoms,1.0,2,True,86.0,77.8,-8.200000000000003,0.09534883720930236
SKU00101,2024-11-11,Bottoms,1.0,2,True,118.0,90.2,-27.799999999999997,0.23559322033898303
SKU00101,2024-11-18,Bottoms,1.0,2,False,32.0,39.7,7.700000000000003,0.2406250000000001
SKU00101,2024-11-25,Bottoms,1.0,2,False,43.0,35.0,-8.0,0.18604651162790697
SKU00101,2024-12-02,Bottoms,1.0,2,False,40.0,33.2,-6.799999999999997,0.16999999999999993
SKU00101,2024-12-09,Bottoms,1.0,2,False,37.0,39.8,2.799999999999997,0.0756756756756756
SKU00101,2024-12-16,Bottoms,1.0,2,False,35.0,36.3,1.2999999999999972,0.03714285714285706
SKU00101,2024-12-23,Bottoms,1.0,2,False,34.0,35.2,1.2000000000000028,0.035294117647058906
SKU00102,2024-10-28,Footwear,3.0,3,True,0.0,-0.0,-0.0,
SKU00102,2024-11-04,Footwear,3.0,3,True,0.0,2.5,2.5,
SKU00102,2024-11-11,Footwear,3.0,3,False,35.0,17.6,-17.4,0.4971428571428571
SKU00102,2024-11-18,Footwear,3.0,3,False,28.0,18.4,-9.600000000000001,0.3428571428571429
SKU00102,2024-11-25,Footwear,3.0,3,False,40.0,14.3,-25.7,0.6425
SKU00102,2024-12-02,Footwear,3.0,3,False,38.0,10.3,-27.7,0.7289473684210526
SKU00102,2024-12-09,Footwear,3.0,3,False,0.0,3.2,3.2,
SKU00102,2024-12-16,Footwear,3.0,3,False,0.0,2.5,2.5,
SKU00102,2024-12-23,Footwear,3.0,3,False,25.0,17.0,-8.0,0.32
SKU00103,2024-10-28,Tops,1.0,2,False,30.0,32.3,2.299999999999997,0.07666666666666658
SKU00103,2024-11-04,Tops,1.0,2,False,36.0,35.4,-0.6000000000000014,0.016666666666666705
SKU00103,2024-11-11,Tops,1.0,2,False,32.0,35.5,3.5,0.109375
SKU00103,2024-11-18,Tops,1.0,2,False,25.0,35.9,10.899999999999999,0.43599999999999994
SKU00103,2024-11-25,Tops,1.0,2,False,24.0,40.9,16.9,0.7041666666666666
SKU00103,2024-12-02,Tops,1.0,2,False,15.0,37.9,22.9,1.5266666666666666
SKU00103,2024-12-09,Tops,1.0,2,True,72.0,73.7,1.7000000000000028,0.023611111111111152
SKU00103,2024-12-16,Tops,1.0,2,False,30.0,25.1,-4.899999999999999,0.16333333333333327
SKU00103,2024-12-23,Tops,1.0,2,False,21.0,25.2,4.199999999999999,0.19999999999999996
SKU00104,2024-10-28,Footwear,2.0,2,True,0.0,-0.1,-0.1,
SKU00104,2024-11-04,Footwear,2.0,2,True,44.0,28.0,-16.0,0.36363636363636365
SKU00104,2024-11-11,Footwear,2.0,2,False,25.0,14.2,-10.8,0.43200000000000005
SKU00104,2024-11-18,Footwear,2.0,2,False,31.0,12.7,-18.3,0.5903225806451613
SKU00104,2024-11-25,Footwear,2.0,2,False,22.0,5.5,-16.5,0.75
SKU00104,2024-12-02,Footwear,2.0,2,False,21.0,2.3,-18.7,0.8904761904761904
SKU00104,2024-12-09,Footwear,2.0,2,False,8.0,1.9,-6.1,0.7625
SKU00104,2024-12-16,Footwear,2.0,2,False,23.0,16.1,-6.899999999999999,0.29999999999999993
SKU00104,2024-12-23,Footwear,2.0,2,False,20.0,21.1,1.1000000000000014,0.05500000000000007
SKU00105,2024-10-28,Footwear,1.0,2,False,125.0,69.2,-55.8,0.44639999999999996
SKU00105,2024-11-04,Footwear,1.0,2,False,74.0,67.9,-6.099999999999994,0.08243243243243235
SKU00105,2024-11-11,Footwear,1.0,2,False,66.0,64.7,-1.2999999999999972,0.019696969696969654
SKU00105,2024-11-18,Footwear,1.0,2,False,63.0,63.7,0.7000000000000028,0.011111111111111157
SKU00105,2024-11-25,Footwear,1.0,2,False,84.0,67.7,-16.299999999999997,0.19404761904761902
SKU00105,2024-12-02,Footwear,1.0,2,False,66.0,65.2,-0.7999999999999972,0.012121212121212078
SKU00105,2024-12-09,Footwear,1.0,2,False,52.0,67.5,15.5,0.2980769230769231
SKU00105,2024-12-16,Footwear,1.0,2,False,54.0,66.5,12.5,0.23148148148148148
SKU00105,2024-12-23,Footwear,1.0,2,False,65.0,66.8,1.7999999999999972,0.027692307692307648
SKU00106,2024-10-28,Footwear,1.0,1,False,45.0,31.5,-13.5,0.3
SKU00106,2024-11-04,Footwear,1.0,1,True,136.0,72.8,-63.2,0.4647058823529412
SKU00106,2024-11-11,Footwear,1.0,1,True,118.0,92.5,-25.5,0.21610169491525424
SKU00106,2024-11-18,Footwear,1.0,1,True,106.0,116.2,10.200000000000003,0.09622641509433964
SKU00106,2024-11-25,Footwear,1.0,1,False,28.0,35.8,7.799999999999997,0.27857142857142847
SKU00106,2024-12-02,Footwear,1.0,1,False,41.0,33.9,-7.100000000000001,0.17317073170731712
SKU00106,2024-12-09,Footwear,1.0,1,False,41.0,36.8,-4.200000000000003,0.10243902439024397
SKU00106,2024-12-16,Footwear,1.0,1,False,30.0,28.9,-1.1000000000000014,0.036666666666666715
SKU00106,2024-12-23,Footwear,1.0,1,False,34.0,30.7,-3.3000000000000007,0.09705882352941178
SKU00107,2024-10-28,Outerwear,1.0,2,False,37.0,57.6,20.6,0.5567567567567568
SKU00107,2024-11-04,Outerwear,1.0,2,False,42.0,62.5,20.5,0.4880952380952381
SKU00107,2024-11-11,Outerwear,1.0,2,False,63.0,66.2,3.200000000000003,0.05079365079365084
SKU00107,2024-11-18,Outerwear,1.0,2,False,68.0,63.9,-4.100000000000001,0.060294117647058845
SKU00107,2024-11-25,Outerwear,1.0,2,False,56.0,62.7,6.700000000000003,0.11964285714285719
SKU00107,2024-12-02,Outerwear,1.0,2,False,86.0,65.9,-20.099999999999994,0.23372093023255808
SKU00107,2024-12-09,Outerwear,1.0,2,False,69.0,60.5,-8.5,0.12318840579710146
SKU00107,2024-12-16,Outerwear,1.0,2,False,73.0,63.3,-9.700000000000003,0.13287671232876716
SKU00107,2024-12-23,Outerwear,1.0,2,False,96.0,51.4,-44.6,0.46458333333333335
SKU00108,2024-10-28,Dresses,1.0,2,False,19.0,38.6,19.6,1.0315789473684212
SKU00108,2024-11-04,Dresses,1.0,2,False,33.0,25.1,-7.899999999999999,0.23939393939393935
SKU00108,2024-11-11,Dresses,1.0,2,False,15.0,24.2,9.2,0.6133333333333333
SKU00108,2024-11-18,Dresses,1.0,2,False,13.0,21.7,8.7,0.6692307692307692
SKU00108,2024-11-25,Dresses,1.0,2,False,8.0,16.1,8.100000000000001,1.0125000000000002
SKU00108,2024-12-02,Dresses,1.0,2,False,15.0,15.1,0.09999999999999964,0.006666666666666643
SKU00108,2024-12-09,Dresses,1.0,2,False,14.0,14.2,0.1999999999999993,0.014285714285714235
SKU00108,2024-12-16,Dresses,1.0,2,False,14.0,18.4,4.399999999999999,0.31428571428571417
SKU00108,2024-12-23,Dresses,1.0,2,False,21.0,18.2,-2.8000000000000007,0.13333333333333336
SKU00109,2024-10-28,Footwear,1.0,1,False,21.0,21.9,0.8999999999999986,0.04285714285714279
SKU00109,2024-11-04,Footwear,1.0,1,True,30.0,68.9,38.900000000000006,1.2966666666666669
SKU00109,2024-11-11,Footwear,1.0,1,True,27.0,62.8,35.8,1.3259259259259257
SKU00109,2024-11-18,Footwear,1.0,1,False,17.0,23.4,6.399999999999999,0.37647058823529406
SKU00109,2024-11-25,Footwear,1.0,1,False,22.0,27.7,5.699999999999999,0.25909090909090904
SKU00109,2024-12-02,Footwear,1.0,1,False,22.0,23.5,1.5,0.06818181818181818
SKU00109,2024-12-09,Footwear,1.0,1,False,30.0,26.8,-3.1999999999999993,0.10666666666666665
SKU00109,2024-12-16,Footwear,1.0,1,False,22.0,28.8,6.800000000000001,0.30909090909090914
SKU00109,2024-12-23,Footwear,1.0,1,False,25.0,24.1,-0.8999999999999986,0.03599999999999994
SKU00110,2024-10-28,Bottoms,1.0,1,False,14.0,19.3,5.300000000000001,0.3785714285714286
SKU00110,2024-11-04,Bottoms,1.0,1,False,17.0,18.3,1.3000000000000007,0.07647058823529417
SKU00110,2024-11-11,Bottoms,1.0,1,False,40.0,18.2,-21.8,0.545
SKU00110,2024-11-18,Bottoms,1.0,1,False,15.0,17.9,2.8999999999999986,0.19333333333333325
SKU00110,2024-11-25,Bottoms,1.0,1,False,17.0,19.4,2.3999999999999986,0.1411764705882352
SKU00110,2024-12-02,Bottoms,1.0,1,False,13.0,19.6,6.600000000000001,0.5076923076923078
SKU00110,2024-12-09,Bottoms,1.0,1,False,19.0,20.1,1.1000000000000014,0.05789473684210534
SKU00110,2024-12-16,Bottoms,1.0,1,False,11.0,19.1,8.100000000000001,0.7363636363636364
SKU00110,2024-12-23,Bottoms,1.0,1,False,19.0,18.3,-0.6999999999999993,0.03684210526315786
SKU00111,2024-10-28,Footwear,2.0,2,True,45.0,28.6,-16.4,0.3644444444444444
SKU00111,2024-11-04,Footwear,2.0,2,True,31.0,29.5,-1.5,0.04838709677419355
SKU00111,2024-11-11,Footwear,2.0,2,False,14.0,13.8,-0.1999999999999993,0.014285714285714235
SKU00111,2024-11-18,Footwear,2.0,2,False,13.0,13.4,0.40000000000000036,0.030769230769230795
SKU00111,2024-11-25,Footwear,2.0,2,False,14.0,12.9,-1.0999999999999996,0.07857142857142854
SKU00111,2024-12-02,Footwear,2.0,2,False,15.0,14.1,-0.9000000000000004,0.060000000000000026
SKU00111,2024-12-09,Footwear,2.0,2,False,17.0,12.8,-4.199999999999999,0.24705882352941172
SKU00111,2024-12-16,Footwear,2.0,2,False,10.0,15.4,5.4,0.54
SKU00111,2024-12-23,Footwear,2.0,2,False,15.0,13.9,-1.0999999999999996,0.0733333333333333
SKU00112,2024-10-28,Outerwear,3.0,2,False,0.0,4.0,4.0,
SKU00112,2024-11-04,Outerwear,3.0,2,False,10.0,4.7,-5.3,0.53
SKU00112,2024-11-11,Outerwear,3.0,2,False,9.0,4.5,-4.5,0.5
SKU00112,2024-11-18,Outerwear,3.0,2,True,3.0,6.2,3.2,1.0666666666666667
SKU00112,2024-11-25,Outerwear,3.0,2,True,0.0,4.1,4.1,
SKU00112,2024-12-02,Outerwear,3.0,2,True,11.0,3.4,-7.6,0.6909090909090909
SKU00112,2024-12-09,Outerwear,3.0,2,False,6.0,4.6,-1.4000000000000004,0.2333333333333334
SKU00112,2024-12-16,Outerwear,3.0,2,False,8.0,2.6,-5.4,0.675
SKU00112,2024-12-23,Outerwear,3.0,2,False,6.0,4.1,-1.9000000000000004,0.3166666666666667
SKU00113,2024-10-28,Dresses,1.0,2,False,18.0,19.4,1.3999999999999986,0.0777777777777777
SKU00113,2024-11-04,Dresses,1.0,2,True,39.0,55.9,16.9,0.4333333333333333
SKU00113,2024-11-11,Dresses,1.0,2,True,73.0,81.8,8.799999999999997,0.12054794520547941
SKU00113,2024-11-18,Dresses,1.0,2,False,17.0,15.5,-1.5,0.08823529411764706
SKU00113,2024-11-25,Dresses,1.0,2,False,14.0,12.1,-1.9000000000000004,0.13571428571428573
SKU00113,2024-12-02,Dresses,1.0,2,False,13.0,12.5,-0.5,0.038461538461538464
SKU00113,2024-12-09,Dresses,1.0,2,False,12.0,15.8,3.8000000000000007,0.3166666666666667
SKU00113,2024-12-16,Dresses,1.0,2,True,31.0,46.0,15.0,0.4838709677419355
SKU00113,2024-12-23,Dresses,1.0,2,True,42.0,50.4,8.399999999999999,0.19999999999999996
SKU00114,2024-10-28,Outerwear,3.0,2,False,0.0,3.8,3.8,
SKU00114,2024-11-04,Outerwear,3.0,2,False,9.0,9.3,0.3000000000000007,0.03333333333333341
SKU00114,2024-11-11,Outerwear,3.0,2,False,9.0,6.1,-2.9000000000000004,0.32222222222222224
SKU00114,2024-11-18,Outerwear,3.0,2,True,14.0,9.8,-4.199999999999999,0.29999999999999993
SKU00114,2024-11-25,Outerwear,3.0,2,False,0.0,0.8,0.8,
SKU00114,2024-12-02,Outerwear,3.0,2,False,0.0,-0.0,-0.0,
SKU00114,2024-12-09,Outerwear,3.0,2,False,0.0,1.4,1.4,
SKU00114,2024-12-16,Outerwear,3.0,2,False,11.0,14.3,3.3000000000000007,0.30000000000000004
SKU00114,2024-12-23,Outerwear,3.0,2,False,10.0,13.7,3.6999999999999993,0.36999999999999994
SKU00115,2024-10-28,Outerwear,2.0,2,False,24.0,20.1,-3.8999999999999986,0.16249999999999995
SKU00115,2024-11-04,Outerwear,2.0,2,False,10.0,19.9,9.899999999999999,0.9899999999999999
SKU00115,2024-11-11,Outerwear,2.0,2,False,18.0,20.8,2.8000000000000007,0.15555555555555559
SKU00115,2024-11-18,Outerwear,2.0,2,False,17.0,20.6,3.6000000000000014,0.21176470588235302
SKU00115,2024-11-25,Outerwear,2.0,2,False,22.0,20.9,-1.1000000000000014,0.050000000000000065
SKU00115,2024-12-02,Outerwear,2.0,2,False,21.0,21.1,0.10000000000000142,0.00476190476190483
SKU00115,2024-12-09,Outerwear,2.0,2,False,11.0,21.3,10.3,0.9363636363636364
SKU00115,2024-12-16,Outerwear,2.0,2,False,27.0,21.9,-5.100000000000001,0.18888888888888894
SKU00115,2024-12-23,Outerwear,2.0,2,False,26.0,22.2,-3.8000000000000007,0.1461538461538462
SKU00116,2024-10-28,Tops,1.0,2,False,15.0,15.0,0.0,0.0
SKU00116,2024-11-04,Tops,1.0,2,False,13.0,15.4,2.4000000000000004,0.18461538461538465
SKU00116,2024-11-11,Tops,1.0,2,False,13.0,12.2,-0.8000000000000007,0.06153846153846159
SKU00116,2024-11-18,Tops,1.0,2,False,18.0,12.3,-5.699999999999999,0.31666666666666665
SKU00116,2024-11-25,Tops,1.0,2,False,14.0,11.7,-2.3000000000000007,0.16428571428571434
SKU00116,2024-12-02,Tops,1.0,2,False,9.0,10.6,1.5999999999999996,0.17777777777777773
SKU00116,2024-12-09,Tops,1.0,2,False,10.0,11.6,1.5999999999999996,0.15999999999999998
SKU00116,2024-12-16,Tops,1.0,2,False,11.0,11.2,0.1999999999999993,0.01818181818181812
SKU00116,2024-12-23,Tops,1.0,2,False,7.0,10.9,3.9000000000000004,0.5571428571428572
SKU00117,2024-10-28,Tops,2.0,2,False,10.0,11.1,1.0999999999999996,0.10999999999999996
SKU00117,2024-11-04,Tops,2.0,2,False,8.0,9.5,1.5,0.1875
SKU00117,2024-11-11,Tops,2.0,2,False,7.0,10.1,3.0999999999999996,0.4428571428571428
SKU00117,2024-11-18,Tops,2.0,2,False,9.0,10.8,1.8000000000000007,0.20000000000000007
SKU00117,2024-11-25,Tops,2.0,2,True,50.0,32.4,-17.6,0.35200000000000004
SKU00117,2024-12-02,Tops,2.0,2,True,29.0,23.1,-5.899999999999999,0.20344827586206893
SKU00117,2024-12-09,Tops,2.0,2,True,12.0,18.7,6.699999999999999,0.5583333333333332
SKU00117,2024-12-16,Tops,2.0,2,False,9.0,7.9,-1.0999999999999996,0.12222222222222218
SKU00117,2024-12-23,Tops,2.0,2,False,12.0,10.4,-1.5999999999999996,0.1333333333333333
SKU00118,2024-10-28,Bottoms,1.0,2,False,58.0,77.4,19.400000000000006,0.33448275862068977
SKU00118,2024-11-04,Bottoms,1.0,2,False,82.0,82.9,0.9000000000000057,0.01097560975609763
SKU00118,2024-11-11,Bottoms,1.0,2,False,49.0,85.8,36.8,0.7510204081632652
SKU00118,2024-11-18,Bottoms,1.0,2,False,57.0,80.6,23.599999999999994,0.41403508771929814
SKU00118,2024-11-25,Bottoms,1.0,2,False,84.0,70.2,-13.799999999999997,0.16428571428571426
SKU00118,2024-12-02,Bottoms,1.0,2,False,92.0,72.0,-20.0,0.21739130434782608
SKU00118,2024-12-09,Bottoms,1.0,2,False,133.0,76.2,-56.8,0.4270676691729323
SKU00118,2024-12-16,Bottoms,1.0,2,False,77.0,82.0,5.0,0.06493506493506493
SKU00118,2024-12-23,Bottoms,1.0,2,False,82.0,78.4,-3.5999999999999943,0.04390243902439017
SKU00119,2024-10-28,Tops,2.0,2,False,7.0,7.9,0.9000000000000004,0.12857142857142861
SKU00119,2024-11-04,Tops,2.0,2,False,8.0,11.2,3.1999999999999993,0.3999999999999999
SKU00119,2024-11-11,Tops,2.0,2,False,6.0,8.8,2.8000000000000007,0.4666666666666668
SKU00119,2024-11-18,Tops,2.0,2,False,6.0,8.2,2.1999999999999993,0.36666666666666653
SKU00119,2024-11-25,Tops,2.0,2,False,11.0,7.0,-4.0,0.36363636363636365
SKU00119,2024-12-02,Tops,2.0,2,True,20.0,22.2,2.1999999999999993,0.10999999999999996
SKU00119,2024-12-09,Tops,2.0,2,True,18.0,14.4,-3.5999999999999996,0.19999999999999998
SKU00119,2024-12-16,Tops,2.0,2,False,5.0,3.8,-1.2000000000000002,0.24000000000000005
SKU00119,2024-12-23,Tops,2.0,2,False,5.0,4.8,-0.20000000000000018,0.040000000000000036
SKU00120,2024-10-28,Dresses,2.0,2,False,6.0,7.6,1.5999999999999996,0.2666666666666666
SKU00120,2024-11-04,Dresses,2.0,2,False,9.0,7.0,-2.0,0.2222222222222222
SKU00120,2024-11-11,Dresses,2.0,2,False,7.0,7.2,0.20000000000000018,0.0285714285714286
SKU00120,2024-11-18,Dresses,2.0,2,False,4.0,7.3,3.3,0.825
SKU00120,2024-11-25,Dresses,2.0,2,False,8.0,6.8,-1.2000000000000002,0.15000000000000002
SKU00120,2024-12-02,Dresses,2.0,2,False,5.0,6.6,1.5999999999999996,0.31999999999999995
SKU00120,2024-12-09,Dresses,2.0,2,False,5.0,6.7,1.7000000000000002,0.34
SKU00120,2024-12-16,Dresses,2.0,2,False,6.0,6.5,0.5,0.08333333333333333
SKU00120,2024-12-23,Dresses,2.0,2,False,3.0,6.1,3.0999999999999996,1.0333333333333332
SKU00121,2024-10-28,Footwear,2.0,2,False,0.0,0.7,0.7,
SKU00121,2024-11-04,Footwear,2.0,2,False,28.0,9.5,-18.5,0.6607142857142857
SKU00121,2024-11-11,Footwear,2.0,2,False,20.0,14.4,-5.6,0.27999999999999997
SKU00121,2024-11-18,Footwear,2.0,2,False,25.0,28.3,3.3000000000000007,0.13200000000000003
SKU00121,2024-11-25,Footwear,2.0,2,False,19.0,26.1,7.100000000000001,0.37368421052631584
SKU00121,2024-12-02,Footwear,2.0,2,False,33.0,7.7,-25.3,0.7666666666666667
SKU00121,2024-12-09,Footwear,2.0,2,False,15.0,5.9,-9.1,0.6066666666666667
SKU00121,2024-12-16,Footwear,2.0,2,False,23.0,24.7,1.6999999999999993,0.07391304347826085
SKU00121,2024-12-23,Footwear,2.0,2,False,25.0,24.4,-0.6000000000000014,0.024000000000000056
SKU00122,2024-10-28,Outerwear,3.0,3,True,0.0,3.2,3.2,
SKU00122,2024-11-04,Outerwear,3.0,3,False,10.0,8.7,-1.3000000000000007,0.13000000000000006
SKU00122,2024-11-11,Outerwear,3.0,3,False,14.0,12.9,-1.0999999999999996,0.07857142857142854
SKU00122,2024-11-18,Outerwear,3.0,3,False,10.0,8.2,-1.8000000000000007,0.18000000000000008
SKU00122,2024-11-25,Outerwear,3.0,3,False,14.0,10.3,-3.6999999999999993,0.26428571428571423
SKU00122,2024-12-02,Outerwear,3.0,3,False,7.0,1.6,-5.4,0.7714285714285715
SKU00122,2024-12-09,Outerwear,3.0,3,False,0.0,2.7,2.7,
SKU00122,2024-12-16,Outerwear,3.0,3,False,15.0,8.6,-6.4,0.4266666666666667
SKU00122,2024-12-23,Outerwear,3.0,3,False,14.0,14.6,0.5999999999999996,0.04285714285714283
SKU00123,2024-10-28,Dresses,1.0,2,False,19.0,23.7,4.699999999999999,0.24736842105263154
SKU00123,2024-11-04,Dresses,1.0,2,False,17.0,22.3,5.300000000000001,0.311764705882353
SKU00123,2024-11-11,Dresses,1.0,2,False,18.0,15.8,-2.1999999999999993,0.12222222222222218
SKU00123,2024-11-18,Dresses,1.0,2,False,21.0,19.4,-1.6000000000000014,0.07619047619047625
SKU00123,2024-11-25,Dresses,1.0,2,False,16.0,18.6,2.6000000000000014,0.1625000000000001
SKU00123,2024-12-02,Dresses,1.0,2,False,19.0,16.2,-2.8000000000000007,0.14736842105263162
SKU00123,2024-12-09,Dresses,1.0,2,False,14.0,16.0,2.0,0.14285714285714285
SKU00123,2024-12-16,Dresses,1.0,2,False,14.0,18.8,4.800000000000001,0.3428571428571429
SKU00123,2024-12-23,Dresses,1.0,2,False,18.0,13.6,-4.4,0.24444444444444446
SKU00124,2024-10-28,Accessories,3.0,2,False,0.0,0.2,0.2,
SKU00124,2024-11-04,Accessories,3.0,2,False,7.0,6.9,-0.09999999999999964,0.014285714285714235
SKU00124,2024-11-11,Accessories,3.0,2,True,13.0,17.2,4.199999999999999,0.32307692307692304
SKU00124,2024-11-18,Accessories,3.0,2,True,13.0,8.4,-4.6,0.3538461538461538
SKU00124,2024-11-25,Accessories,3.0,2,True,0.0,0.7,0.7,
SKU00124,2024-12-02,Accessories,3.0,2,False,0.0,-0.1,-0.1,
SKU00124,2024-12-09,Accessories,3.0,2,True,0.0,2.6,2.6,
SKU00124,2024-12-16,Accessories,3.0,2,True,17.0,7.2,-9.8,0.5764705882352942
SKU00124,2024-12-23,Accessories,3.0,2,True,19.0,18.4,-0.6000000000000014,0.03157894736842113
SKU00125,2024-10-28,Outerwear,1.0,2,False,47.0,39.6,-7.399999999999999,0.15744680851063828
SKU00125,2024-11-04,Outerwear,1.0,2,False,41.0,42.2,1.2000000000000028,0.029268292682926897
SKU00125,2024-11-11,Outerwear,1.0,2,False,29.0,44.1,15.100000000000001,0.5206896551724138
SKU00125,2024-11-18,Outerwear,1.0,2,False,35.0,39.9,4.899999999999999,0.13999999999999996
SKU00125,2024-11-25,Outerwear,1.0,2,False,43.0,43.0,0.0,0.0
SKU00125,2024-12-02,Outerwear,1.0,2,False,23.0,42.2,19.200000000000003,0.8347826086956524
SKU00125,2024-12-09,Outerwear,1.0,2,False,41.0,35.8,-5.200000000000003,0.12682926829268298
SKU00125,2024-12-16,Outerwear,1.0,2,False,31.0,40.7,9.700000000000003,0.3129032258064517
SKU00125,2024-12-23,Outerwear,1.0,2,False,27.0,41.5,14.5,0.5370370370370371
SKU00126,2024-10-28,Tops,2.0,2,True,0.0,0.9,0.9,
SKU00126,2024-11-04,Tops,2.0,2,True,21.0,14.2,-6.800000000000001,0.3238095238095238
SKU00126,2024-11-11,Tops,2.0,2,False,7.0,7.5,0.5,0.07142857142857142
SKU00126,2024-11-18,Tops,2.0,2,False,11.0,12.4,1.4000000000000004,0.12727272727272732
SKU00126,2024-11-25,Tops,2.0,2,True,18.0,16.2,-1.8000000000000007,0.10000000000000003
SKU00126,2024-12-02,Tops,2.0,2,True,31.0,3.2,-27.8,0.8967741935483872
SKU00126,2024-12-09,Tops,2.0,2,True,29.0,3.5,-25.5,0.8793103448275862
SKU00126,2024-12-16,Tops,2.0,2,False,14.0,19.5,5.5,0.39285714285714285
SKU00126,2024-12-23,Tops,2.0,2,False,6.0,21.7,15.7,2.6166666666666667
SKU00127,2024-10-28,Footwear,2.0,2,True,0.0,3.1,3.1,
SKU00127,2024-11-04,Footwear,2.0,2,True,32.0,2.4,-29.6,0.925
SKU00127,2024-11-11,Footwear,2.0,2,True,48.0,2.7,-45.3,0.94375
SKU00127,2024-11-18,Footwear,2.0,2,True,0.0,12.8,12.8,
SKU00127,2024-11-25,Footwear,2.0,2,True,0.0,8.7,8.7,
SKU00127,2024-12-02,Footwear,2.0,2,False,0.0,0.5,0.5,
SKU00127,2024-12-09,Footwear,2.0,2,False,0.0,2.4,2.4,
SKU00127,2024-12-16,Footwear,2.0,2,False,15.0,6.0,-9.0,0.6
SKU00127,2024-12-23,Footwear,2.0,2,False,21.0,14.1,-6.9,0.32857142857142857
SKU00128,2024-10-28,Outerwear,1.0,2,False,32.0,40.3,8.299999999999997,0.2593749999999999
SKU00128,2024-11-04,Outerwear,1.0,2,False,35.0,44.2,9.200000000000003,0.26285714285714296
SKU00128,2024-11-11,Outerwear,1.0,2,False,38.0,50.1,12.100000000000001,0.318421052631579
SKU00128,2024-11-18,Outerwear,1.0,2,False,51.0,51.8,0.7999999999999972,0.015686274509803866
SKU00128,2024-11-25,Outerwear,1.0,2,False,37.0,50.4,13.399999999999999,0.3621621621621621
SKU00128,2024-12-02,Outerwear,1.0,2,False,43.0,49.4,6.399999999999999,0.14883720930232555
SKU00128,2024-12-09,Outerwear,1.0,2,False,49.0,57.1,8.100000000000001,0.16530612244897963
SKU00128,2024-12-16,Outerwear,1.0,2,False,50.0,55.3,5.299999999999997,0.10599999999999994
SKU00128,2024-12-23,Outerwear,1.0,2,False,51.0,54.8,3.799999999999997,0.07450980392156857
SKU00129,2024-10-28,Outerwear,3.0,3,False,8.0,7.0,-1.0,0.125
SKU00129,2024-11-04,Outerwear,3.0,3,False,9.0,7.8,-1.2000000000000002,0.13333333333333336
SKU00129,2024-11-11,Outerwear,3.0,3,False,12.0,7.5,-4.5,0.375
SKU00129,2024-11-18,Outerwear,3.0,3,False,6.0,7.3,1.2999999999999998,0.21666666666666665
SKU00129,2024-11-25,Outerwear,3.0,3,False,10.0,8.1,-1.9000000000000004,0.19000000000000003
SKU00129,2024-12-02,Outerwear,3.0,3,False,8.0,7.4,-0.5999999999999996,0.07499999999999996
SKU00129,2024-12-09,Outerwear,3.0,3,False,9.0,7.2,-1.7999999999999998,0.19999999999999998
SKU00129,2024-12-16,Outerwear,3.0,3,False,9.0,8.6,-0.40000000000000036,0.04444444444444448
SKU00129,2024-12-23,Outerwear,3.0,3,True,13.0,18.6,5.600000000000001,0.4307692307692309
SKU00130,2024-10-28,Outerwear,3.0,3,False,0.0,3.6,3.6,
SKU00130,2024-11-04,Outerwear,3.0,3,False,0.0,1.7,1.7,
SKU00130,2024-11-11,Outerwear,3.0,3,False,0.0,1.6,1.6,
SKU00130,2024-11-18,Outerwear,3.0,3,False,7.0,12.9,5.9,0.8428571428571429
SKU00130,2024-11-25,Outerwear,3.0,3,False,7.0,6.7,-0.2999999999999998,0.04285714285714283
SKU00130,2024-12-02,Outerwear,3.0,3,False,6.0,4.7,-1.2999999999999998,0.21666666666666665
SKU00130,2024-12-09,Outerwear,3.0,3,False,6.0,2.7,-3.3,0.5499999999999999
SKU00130,2024-12-16,Outerwear,3.0,3,False,0.0,0.7,0.7,
SKU00130,2024-12-23,Outerwear,3.0,3,False,0.0,1.1,1.1,
SKU00131,2024-10-28,Outerwear,2.0,2,False,41.0,37.4,-3.6000000000000014,0.08780487804878052
SKU00131,2024-11-04,Outerwear,2.0,2,False,35.0,35.7,0.7000000000000028,0.02000000000000008
SKU00131,2024-11-11,Outerwear,2.0,2,False,43.0,38.7,-4.299999999999997,0.09999999999999994
SKU00131,2024-11-18,Outerwear,2.0,2,False,55.0,34.7,-20.299999999999997,0.369090909090909
SKU00131,2024-11-25,Outerwear,2.0,2,False,42.0,33.9,-8.100000000000001,0.1928571428571429
SKU00131,2024-12-02,Outerwear,2.0,2,False,83.0,34.9,-48.1,0.5795180722891566
SKU00131,2024-12-09,Outerwear,2.0,2,False,87.0,44.7,-42.3,0.4862068965517241
SKU00131,2024-12-16,Outerwear,2.0,2,False,46.0,38.6,-7.399999999999999,0.16086956521739126
SKU00131,2024-12-23,Outerwear,2.0,2,False,60.0,42.0,-18.0,0.3
SKU00132,2024-10-28,Tops,2.0,2,False,13.0,9.3,-3.6999999999999993,0.28461538461538455
SKU00132,2024-11-04,Tops,2.0,2,False,9.0,11.0,2.0,0.2222222222222222
SKU00132,2024-11-11,Tops,2.0,2,False,7.0,8.6,1.5999999999999996,0.2285714285714285
SKU00132,2024-11-18,Tops,2.0,2,False,7.0,8.0,1.0,0.14285714285714285
SKU00132,2024-11-25,Tops,2.0,2,False,10.0,8.9,-1.0999999999999996,0.10999999999999996
SKU00132,2024-12-02,Tops,2.0,2,False,5.0,7.5,2.5,0.5
SKU00132,2024-12-09,Tops,2.0,2,False,10.0,9.0,-1.0,0.1
SKU00132,2024-12-16,Tops,2.0,2,False,10.0,8.0,-2.0,0.2
SKU00132,2024-12-23,Tops,2.0,2,False,3.0,9.5,6.5,2.1666666666666665
SKU00133,2024-10-28,Outerwear,1.0,2,False,31.0,33.9,2.8999999999999986,0.09354838709677414
SKU00133,2024-11-04,Outerwear,1.0,2,False,43.0,28.9,-14.100000000000001,0.32790697674418606
SKU00133,2024-11-11,Outerwear,1.0,2,False,38.0,25.8,-12.2,0.32105263157894737
SKU00133,2024-11-18,Outerwear,1.0,2,False,60.0,29.5,-30.5,0.5083333333333333
SKU00133,2024-11-25,Outerwear,1.0,2,False,41.0,31.6,-9.399999999999999,0.22926829268292678
SKU00133,2024-12-02,Outerwear,1.0,2,False,39.0,33.3,-5.700000000000003,0.14615384615384622
SKU00133,2024-12-09,Outerwear,1.0,2,False,57.0,35.7,-21.299999999999997,0.37368421052631573
SKU00133,2024-12-16,Outerwear,1.0,2,False,49.0,35.6,-13.399999999999999,0.273469387755102
SKU00133,2024-12-23,Outerwear,1.0,2,False,0.0,32.8,32.8,
SKU00134,2024-10-28,Footwear,1.0,2,False,107.0,100.0,-7.0,0.06542056074766354
SKU00134,2024-11-04,Footwear,1.0,2,False,148.0,99.4,-48.599999999999994,0.32837837837837835
SKU00134,2024-11-11,Footwear,1.0,2,False,78.0,109.3,31.299999999999997,0.40128205128205124
SKU00134,2024-11-18,Footwear,1.0,2,False,61.0,109.4,48.400000000000006,0.7934426229508198
SKU00134,2024-11-25,Footwear,1.0,2,False,134.0,106.1,-27.900000000000006,0.20820895522388064
SKU00134,2024-12-02,Footwear,1.0,2,False,129.0,106.4,-22.599999999999994,0.17519379844961236
SKU00134,2024-12-09,Footwear,1.0,2,False,124.0,99.7,-24.299999999999997,0.19596774193548386
SKU00134,2024-12-16,Footwear,1.0,2,False,97.0,102.4,5.400000000000006,0.055670103092783564
SKU00134,2024-12-23,Footwear,1.0,2,False,76.0,103.3,27.299999999999997,0.3592105263157894
SKU00135,2024-10-28,Bottoms,2.0,2,False,14.0,15.3,1.3000000000000007,0.0928571428571429
SKU00135,2024-11-04,Bottoms,2.0,2,False,18.0,16.1,-1.8999999999999986,0.10555555555555547
SKU00135,2024-11-11,Bottoms,2.0,2,False,14.0,13.7,-0.3000000000000007,0.02142857142857148
SKU00135,2024-11-18,Bottoms,2.0,2,False,14.0,14.3,0.3000000000000007,0.02142857142857148
SKU00135,2024-11-25,Bottoms,2.0,2,False,16.0,13.1,-2.9000000000000004,0.18125000000000002
SKU00135,2024-12-02,Bottoms,2.0,2,False,13.0,13.7,0.6999999999999993,0.053846153846153794
SKU00135,2024-12-09,Bottoms,2.0,2,False,15.0,14.2,-0.8000000000000007,0.05333333333333338
SKU00135,2024-12-16,Bottoms,2.0,2,False,22.0,14.3,-7.699999999999999,0.35
SKU00135,2024-12-23,Bottoms,2.0,2,False,12.0,13.9,1.9000000000000004,0.15833333333333335
SKU00136,2024-10-28,Outerwear,3.0,3,False,25.0,13.2,-11.8,0.47200000000000003
SKU00136,2024-11-04,Outerwear,3.0,3,False,24.0,14.9,-9.1,0.37916666666666665
SKU00136,2024-11-11,Outerwear,3.0,3,False,32.0,15.9,-16.1,0.503125
SKU00136,2024-11-18,Outerwear,3.0,3,False,20.0,15.0,-5.0,0.25
SKU00136,2024-11-25,Outerwear,3.0,3,False,31.0,16.6,-14.399999999999999,0.46451612903225803
SKU00136,2024-12-02,Outerwear,3.0,3,False,22.0,16.5,-5.5,0.25
SKU00136,2024-12-09,Outerwear,3.0,3,False,20.0,17.8,-2.1999999999999993,0.10999999999999996
SKU00136,2024-12-16,Outerwear,3.0,3,False,23.0,17.6,-5.399999999999999,0.23478260869565212
SKU00136,2024-12-23,Outerwear,3.0,3,True,48.0,30.2,-17.8,0.37083333333333335
SKU00137,2024-10-28,Tops,1.0,2,True,0.0,1.4,1.4,
SKU00137,2024-11-04,Tops,1.0,2,True,41.0,7.5,-33.5,0.8170731707317073
SKU00137,2024-11-11,Tops,1.0,2,True,24.0,23.5,-0.5,0.020833333333333332
SKU00137,2024-11-18,Tops,1.0,2,False,19.0,3.4,-15.6,0.8210526315789474
SKU00137,2024-11-25,Tops,1.0,2,False,2.0,3.0,1.0,0.5
SKU00137,2024-12-02,Tops,1.0,2,False,0.0,4.2,4.2,
SKU00137,2024-12-09,Tops,1.0,2,False,0.0,1.8,1.8,
SKU00137,2024-12-16,Tops,1.0,2,False,9.0,25.2,16.2,1.7999999999999998
SKU00137,2024-12-23,Tops,1.0,2,False,14.0,22.7,8.7,0.6214285714285713
SKU00138,2024-10-28,Dresses,2.0,2,False,17.0,12.7,-4.300000000000001,0.2529411764705883
SKU00138,2024-11-04,Dresses,2.0,2,False,9.0,13.8,4.800000000000001,0.5333333333333334
SKU00138,2024-11-11,Dresses,2.0,2,False,6.0,14.1,8.1,1.3499999999999999
SKU00138,2024-11-18,Dresses,2.0,2,True,27.0,25.5,-1.5,0.05555555555555555
SKU00138,2024-11-25,Dresses,2.0,2,True,29.0,30.5,1.5,0.05172413793103448
SKU00138,2024-12-02,Dresses,2.0,2,True,33.0,26.6,-6.399999999999999,0.19393939393939388
SKU00138,2024-12-09,Dresses,2.0,2,False,10.0,9.6,-0.40000000000000036,0.040000000000000036
SKU00138,2024-12-16,Dresses,2.0,2,False,8.0,12.7,4.699999999999999,0.5874999999999999
SKU00138,2024-12-23,Dresses,2.0,2,False,9.0,12.5,3.5,0.3888888888888889
SKU00139,2024-10-28,Dresses,3.0,2,False,7.0,7.3,0.2999999999999998,0.04285714285714283
SKU00139,2024-11-04,Dresses,3.0,2,False,8.0,6.3,-1.7000000000000002,0.21250000000000002
SKU00139,2024-11-11,Dresses,3.0,2,False,7.0,7.5,0.5,0.07142857142857142
SKU00139,2024-11-18,Dresses,3.0,2,False,4.0,6.1,2.0999999999999996,0.5249999999999999
SKU00139,2024-11-25,Dresses,3.0,2,False,5.0,7.2,2.2,0.44000000000000006
SKU00139,2024-12-02,Dresses,3.0,2,False,6.0,6.0,0.0,0.0
SKU00139,2024-12-09,Dresses,3.0,2,False,5.0,6.2,1.2000000000000002,0.24000000000000005
SKU00139,2024-12-16,Dresses,3.0,2,False,4.0,5.8,1.7999999999999998,0.44999999999999996
SKU00139,2024-12-23,Dresses,3.0,2,False,5.0,5.4,0.40000000000000036,0.08000000000000007
SKU00140,2024-10-28,Accessories,2.0,2,False,11.0,2.4,-8.6,0.7818181818181817
SKU00140,2024-11-04,Accessories,2.0,2,False,15.0,18.6,3.6000000000000014,0.2400000000000001
SKU00140,2024-11-11,Accessories,2.0,2,False,19.0,19.8,0.8000000000000007,0.04210526315789478
SKU00140,2024-11-18,Accessories,2.0,2,False,19.0,17.8,-1.1999999999999993,0.06315789473684207
SKU00140,2024-11-25,Accessories,2.0,2,False,13.0,12.9,-0.09999999999999964,0.007692307692307665
SKU00140,2024-12-02,Accessories,2.0,2,False,18.0,3.8,-14.2,0.7888888888888889
SKU00140,2024-12-09,Accessories,2.0,2,False,11.0,4.9,-6.1,0.5545454545454546
SKU00140,2024-12-16,Accessories,2.0,2,False,10.0,6.8,-3.2,0.32
SKU00140,2024-12-23,Accessories,2.0,2,False,28.0,13.7,-14.3,0.5107142857142858
SKU00141,2024-10-28,Bottoms,2.0,2,True,0.0,0.0,0.0,
SKU00141,2024-11-04,Bottoms,2.0,2,True,44.0,24.5,-19.5,0.4431818181818182
SKU00141,2024-11-11,Bottoms,2.0,2,True,58.0,19.2,-38.8,0.6689655172413793
SKU00141,2024-11-18,Bottoms,2.0,2,False,13.0,3.3,-9.7,0.7461538461538461
SKU00141,2024-11-25,Bottoms,2.0,2,False,24.0,2.4,-21.6,0.9
SKU00141,2024-12-02,Bottoms,2.0,2,False,5.0,2.0,-3.0,0.6
SKU00141,2024-12-09,Bottoms,2.0,2,False,0.0,1.6,1.6,
SKU00141,2024-12-16,Bottoms,2.0,2,False,21.0,17.9,-3.1000000000000014,0.14761904761904768
SKU00141,2024-12-23,Bottoms,2.0,2,False,25.0,17.9,-7.100000000000001,0.28400000000000003
SKU00142,2024-10-28,Bottoms,1.0,2,False,0.0,47.1,47.1,
SKU00142,2024-11-04,Bottoms,1.0,2,False,91.0,76.6,-14.400000000000006,0.15824175824175832
SKU00142,2024-11-11,Bottoms,1.0,2,False,69.0,66.6,-2.4000000000000057,0.03478260869565226
SKU00142,2024-11-18,Bottoms,1.0,2,False,61.0,44.1,-16.9,0.27704918032786885
SKU00142,2024-11-25,Bottoms,1.0,2,False,90.0,46.2,-43.8,0.48666666666666664
SKU00142,2024-12-02,Bottoms,1.0,2,True,162.0,105.7,-56.3,0.3475308641975308
SKU00142,2024-12-09,Bottoms,1.0,2,True,216.0,53.9,-162.1,0.7504629629629629
SKU00142,2024-12-16,Bottoms,1.0,2,True,1.0,50.1,49.1,49.1
SKU00142,2024-12-23,Bottoms,1.0,2,False,0.0,22.1,22.1,
SKU00143,2024-10-28,Dresses,1.0,2,False,17.0,15.7,-1.3000000000000007,0.07647058823529417
SKU00143,2024-11-04,Dresses,1.0,2,False,12.0,11.3,-0.6999999999999993,0.05833333333333327
SKU00143,2024-11-11,Dresses,1.0,2,False,14.0,12.4,-1.5999999999999996,0.11428571428571425
SKU00143,2024-11-18,Dresses,1.0,2,False,14.0,12.2,-1.8000000000000007,0.12857142857142861
SKU00143,2024-11-25,Dresses,1.0,2,False,11.0,10.5,-0.5,0.045454545454545456
SKU00143,2024-12-02,Dresses,1.0,2,False,8.0,10.1,2.0999999999999996,0.26249999999999996
SKU00143,2024-12-09,Dresses,1.0,2,False,10.0,11.7,1.6999999999999993,0.16999999999999993
SKU00143,2024-12-16,Dresses,1.0,2,False,7.0,12.6,5.6,0.7999999999999999
SKU00143,2024-12-23,Dresses,1.0,2,False,8.0,11.3,3.3000000000000007,0.4125000000000001
SKU00144,2024-10-28,Accessories,1.0,2,False,26.0,35.8,9.799999999999997,0.3769230769230768
SKU00144,2024-11-04,Accessories,1.0,2,False,30.0,32.3,2.299999999999997,0.07666666666666658
SKU00144,2024-11-11,Accessories,1.0,2,False,23.0,28.5,5.5,0.2391304347826087
SKU00144,2024-11-18,Accessories,1.0,2,False,23.0,28.7,5.699999999999999,0.2478260869565217
SKU00144,2024-11-25,Accessories,1.0,2,False,16.0,29.9,13.899999999999999,0.8687499999999999
SKU00144,2024-12-02,Accessories,1.0,2,False,35.0,31.9,-3.1000000000000014,0.0885714285714286
SKU00144,2024-12-09,Accessories,1.0,2,False,35.0,27.2,-7.800000000000001,0.22285714285714286
SKU00144,2024-12-16,Accessories,1.0,2,False,44.0,30.5,-13.5,0.3068181818181818
SKU00144,2024-12-23,Accessories,1.0,2,False,34.0,29.8,-4.199999999999999,0.12352941176470586
SKU00145,2024-10-28,Accessories,3.0,1,False,8.0,7.2,-0.7999999999999998,0.09999999999999998
SKU00145,2024-11-04,Accessories,3.0,1,False,13.0,8.6,-4.4,0.3384615384615385
SKU00145,2024-11-11,Accessories,3.0,1,False,6.0,7.6,1.5999999999999996,0.2666666666666666
SKU00145,2024-11-18,Accessories,3.0,1,False,8.0,6.8,-1.2000000000000002,0.15000000000000002
SKU00145,2024-11-25,Accessories,3.0,1,True,14.0,21.3,7.300000000000001,0.5214285714285715
SKU00145,2024-12-02,Accessories,3.0,1,True,27.0,16.0,-11.0,0.4074074074074074
SKU00145,2024-12-09,Accessories,3.0,1,False,8.0,7.0,-1.0,0.125
SKU00145,2024-12-16,Accessories,3.0,1,False,5.0,7.9,2.9000000000000004,0.5800000000000001
SKU00145,2024-12-23,Accessories,3.0,1,False,5.0,6.3,1.2999999999999998,0.25999999999999995
SKU00146,2024-10-28,Tops,1.0,2,False,24.0,42.4,18.4,0.7666666666666666
SKU00146,2024-11-04,Tops,1.0,2,False,28.0,33.8,5.799999999999997,0.20714285714285705
SKU00146,2024-11-11,Tops,1.0,2,False,41.0,38.2,-2.799999999999997,0.0682926829268292
SKU00146,2024-11-18,Tops,1.0,2,False,33.0,36.4,3.3999999999999986,0.10303030303030299
SKU00146,2024-11-25,Tops,1.0,2,False,37.0,43.8,6.799999999999997,0.1837837837837837
SKU00146,2024-12-02,Tops,1.0,2,False,28.0,32.4,4.399999999999999,0.15714285714285708
SKU00146,2024-12-09,Tops,1.0,2,False,22.0,28.8,6.800000000000001,0.30909090909090914
SKU00146,2024-12-16,Tops,1.0,2,True,44.0,50.8,6.799999999999997,0.15454545454545449
SKU00146,2024-12-23,Tops,1.0,2,True,54.0,35.3,-18.700000000000003,0.3462962962962963
SKU00147,2024-10-28,Bottoms,1.0,2,False,0.0,19.9,19.9,
SKU00147,2024-11-04,Bottoms,1.0,2,False,94.0,25.2,-68.8,0.7319148936170212
SKU00147,2024-11-11,Bottoms,1.0,2,False,73.0,64.5,-8.5,0.11643835616438356
SKU00147,2024-11-18,Bottoms,1.0,2,False,117.0,71.7,-45.3,0.38717948717948714
SKU00147,2024-11-25,Bottoms,1.0,2,False,80.0,76.2,-3.799999999999997,0.047499999999999966
SKU00147,2024-12-02,Bottoms,1.0,2,False,48.0,17.2,-30.8,0.6416666666666667
SKU00147,2024-12-09,Bottoms,1.0,2,False,0.0,1.6,1.6,
SKU00147,2024-12-16,Bottoms,1.0,2,False,118.0,79.4,-38.599999999999994,0.32711864406779656
SKU00147,2024-12-23,Bottoms,1.0,2,False,93.0,94.1,1.0999999999999943,0.01182795698924725
SKU00148,2024-10-28,Footwear,1.0,1,False,22.0,26.6,4.600000000000001,0.20909090909090916
SKU00148,2024-11-04,Footwear,1.0,1,True,49.0,64.9,15.900000000000006,0.32448979591836746
SKU00148,2024-11-11,Footwear,1.0,1,False,21.0,30.6,9.600000000000001,0.4571428571428572
SKU00148,2024-11-18,Footwear,1.0,1,False,26.0,28.9,2.8999999999999986,0.11153846153846149
SKU00148,2024-11-25,Footwear,1.0,1,False,27.0,24.9,-2.1000000000000014,0.07777777777777783
SKU00148,2024-12-02,Footwear,1.0,1,False,20.0,22.8,2.8000000000000007,0.14000000000000004
SKU00148,2024-12-09,Footwear,1.0,1,False,25.0,23.0,-2.0,0.08
SKU00148,2024-12-16,Footwear,1.0,1,False,24.0,23.8,-0.1999999999999993,0.008333333333333304
SKU00148,2024-12-23,Footwear,1.0,1,False,35.0,22.1,-12.899999999999999,0.36857142857142855
SKU00149,2024-10-28,Tops,1.0,2,True,39.0,46.1,7.100000000000001,0.1820512820512821
SKU00149,2024-11-04,Tops,1.0,2,False,9.0,14.5,5.5,0.6111111111111112
SKU00149,2024-11-11,Tops,1.0,2,False,14.0,11.9,-2.0999999999999996,0.14999999999999997
SKU00149,2024-11-18,Tops,1.0,2,False,13.0,12.9,-0.09999999999999964,0.007692307692307665
SKU00149,2024-11-25,Tops,1.0,2,False,10.0,9.2,-0.8000000000000007,0.08000000000000007
SKU00149,2024-12-02,Tops,1.0,2,False,15.0,9.6,-5.4,0.36000000000000004
SKU00149,2024-12-09,Tops,1.0,2,False,9.0,11.2,2.1999999999999993,0.24444444444444435
SKU00149,2024-12-16,Tops,1.0,2,False,18.0,11.1,-6.9,0.38333333333333336
SKU00149,2024-12-23,Tops,1.0,2,False,8.0,11.6,3.5999999999999996,0.44999999999999996
SKU00150,2024-10-28,Accessories,3.0,3,False,28.0,18.3,-9.7,0.3464285714285714
SKU00150,2024-11-04,Accessories,3.0,3,False,22.0,20.0,-2.0,0.09090909090909091
SKU00150,2024-11-11,Accessories,3.0,3,False,22.0,20.8,-1.1999999999999993,0.054545454545454515
SKU00150,2024-11-18,Accessories,3.0,3,False,22.0,17.7,-4.300000000000001,0.1954545454545455
SKU00150,2024-11-25,Accessories,3.0,3,False,25.0,18.4,-6.600000000000001,0.26400000000000007
SKU00150,2024-12-02,Accessories,3.0,3,False,19.0,18.2,-0.8000000000000007,0.04210526315789478
SKU00150,2024-12-09,Accessories,3.0,3,False,26.0,17.6,-8.399999999999999,0.32307692307692304
SKU00150,2024-12-16,Accessories,3.0,3,False,24.0,18.8,-5.199999999999999,0.21666666666666665
SKU00150,2024-12-23,Accessories,3.0,3,True,38.0,35.6,-2.3999999999999986,0.06315789473684207
SKU00151,2024-10-28,Bottoms,2.0,2,False,14.0,12.7,-1.3000000000000007,0.0928571428571429
SKU00151,2024-11-04,Bottoms,2.0,2,False,13.0,13.0,0.0,0.0
SKU00151,2024-11-11,Bottoms,2.0,2,False,14.0,13.1,-0.9000000000000004,0.06428571428571431
SKU00151,2024-11-18,Bottoms,2.0,2,False,8.0,13.0,5.0,0.625
SKU00151,2024-11-25,Bottoms,2.0,2,False,15.0,12.3,-2.6999999999999993,0.17999999999999997
SKU00151,2024-12-02,Bottoms,2.0,2,False,12.0,14.6,2.5999999999999996,0.21666666666666665
SKU00151,2024-12-09,Bottoms,2.0,2,False,19.0,13.9,-5.1,0.26842105263157895
SKU00151,2024-12-16,Bottoms,2.0,2,False,15.0,13.8,-1.1999999999999993,0.07999999999999995
SKU00151,2024-12-23,Bottoms,2.0,2,False,11.0,14.8,3.8000000000000007,0.3454545454545455
SKU00152,2024-10-28,Accessories,2.0,2,True,31.0,33.4,2.3999999999999986,0.07741935483870963
SKU00152,2024-11-04,Accessories,2.0,2,False,15.0,15.1,0.09999999999999964,0.006666666666666643
SKU00152,2024-11-11,Accessories,2.0,2,False,8.0,15.3,7.300000000000001,0.9125000000000001
SKU00152,2024-11-18,Accessories,2.0,2,False,8.0,13.4,5.4,0.675
SKU00152,2024-11-25,Accessories,2.0,2,False,9.0,13.1,4.1,0.4555555555555555
SKU00152,2024-12-02,Accessories,2.0,2,False,11.0,12.8,1.8000000000000007,0.1636363636363637
SKU00152,2024-12-09,Accessories,2.0,2,False,16.0,13.5,-2.5,0.15625
SKU00152,2024-12-16,Accessories,2.0,2,False,13.0,13.2,0.1999999999999993,0.01538461538461533
SKU00152,2024-12-23,Accessories,2.0,2,True,17.0,29.5,12.5,0.7352941176470589
SKU00153,2024-10-28,Bottoms,1.0,2,False,27.0,30.9,3.8999999999999986,0.1444444444444444
SKU00153,2024-11-04,Bottoms,1.0,2,False,24.0,22.7,-1.3000000000000007,0.054166666666666696
SKU00153,2024-11-11,Bottoms,1.0,2,False,23.0,28.3,5.300000000000001,0.23043478260869568
SKU00153,2024-11-18,Bottoms,1.0,2,False,26.0,25.8,-0.1999999999999993,0.007692307692307665
SKU00153,2024-11-25,Bottoms,1.0,2,True,95.0,56.6,-38.4,0.40421052631578946
SKU00153,2024-12-02,Bottoms,1.0,2,True,70.0,68.5,-1.5,0.02142857142857143
SKU00153,2024-12-09,Bottoms,1.0,2,True,57.0,82.1,25.099999999999994,0.4403508771929824
SKU00153,2024-12-16,Bottoms,1.0,2,False,23.0,22.1,-0.8999999999999986,0.039130434782608636
SKU00153,2024-12-23,Bottoms,1.0,2,False,23.0,24.1,1.1000000000000014,0.0478260869565218
SKU00154,2024-10-28,Dresses,3.0,2,False,6.0,6.0,0.0,0.0
SKU00154,2024-11-04,Dresses,3.0,2,False,4.0,5.7,1.7000000000000002,0.42500000000000004
SKU00154,2024-11-11,Dresses,3.0,2,False,2.0,4.6,2.5999999999999996,1.2999999999999998
SKU00154,2024-11-18,Dresses,3.0,2,False,3.0,4.2,1.2000000000000002,0.4000000000000001
SKU00154,2024-11-25,Dresses,3.0,2,True,14.0,15.8,1.8000000000000007,0.12857142857142861
SKU00154,2024-12-02,Dresses,3.0,2,False,2.0,3.9,1.9,0.95
SKU00154,2024-12-09,Dresses,3.0,2,False,4.0,4.0,0.0,0.0
SKU00154,2024-12-16,Dresses,3.0,2,False,3.0,4.2,1.2000000000000002,0.4000000000000001
SKU00154,2024-12-23,Dresses,3.0,2,False,3.0,4.2,1.2000000000000002,0.4000000000000001
SKU00155,2024-10-28,Outerwear,3.0,2,False,31.0,33.0,2.0,0.06451612903225806
SKU00155,2024-11-04,Outerwear,3.0,2,False,40.0,25.5,-14.5,0.3625
SKU00155,2024-11-11,Outerwear,3.0,2,False,58.0,32.6,-25.4,0.4379310344827586
SKU00155,2024-11-18,Outerwear,3.0,2,False,44.0,37.7,-6.299999999999997,0.1431818181818181
SKU00155,2024-11-25,Outerwear,3.0,2,False,33.0,41.6,8.600000000000001,0.2606060606060607
SKU00155,2024-12-02,Outerwear,3.0,2,False,70.0,39.8,-30.200000000000003,0.4314285714285715
SKU00155,2024-12-09,Outerwear,3.0,2,False,52.0,43.0,-9.0,0.17307692307692307
SKU00155,2024-12-16,Outerwear,3.0,2,False,76.0,42.9,-33.1,0.4355263157894737
SKU00155,2024-12-23,Outerwear,3.0,2,False,38.0,36.5,-1.5,0.039473684210526314
SKU00156,2024-10-28,Tops,2.0,2,True,20.0,22.6,2.6000000000000014,0.13000000000000006
SKU00156,2024-11-04,Tops,2.0,2,False,14.0,7.3,-6.7,0.4785714285714286
SKU00156,2024-11-11,Tops,2.0,2,False,7.0,7.3,0.2999999999999998,0.04285714285714283
SKU00156,2024-11-18,Tops,2.0,2,False,8.0,7.7,-0.2999999999999998,0.03749999999999998
SKU00156,2024-11-25,Tops,2.0,2,False,10.0,7.0,-3.0,0.3
SKU00156,2024-12-02,Tops,2.0,2,False,5.0,7.1,2.0999999999999996,0.41999999999999993
SKU00156,2024-12-09,Tops,2.0,2,False,5.0,6.6,1.5999999999999996,0.31999999999999995
SKU00156,2024-12-16,Tops,2.0,2,False,7.0,8.7,1.6999999999999993,0.24285714285714274
SKU00156,2024-12-23,Tops,2.0,2,False,8.0,7.0,-1.0,0.125
SKU00157,2024-10-28,Outerwear,2.0,2,False,7.0,13.2,6.199999999999999,0.8857142857142856
SKU00157,2024-11-04,Outerwear,2.0,2,False,13.0,16.4,3.3999999999999986,0.26153846153846144
SKU00157,2024-11-11,Outerwear,2.0,2,False,19.0,18.3,-0.6999999999999993,0.03684210526315786
SKU00157,2024-11-18,Outerwear,2.0,2,False,12.0,13.7,1.6999999999999993,0.1416666666666666
SKU00157,2024-11-25,Outerwear,2.0,2,False,13.0,11.7,-1.3000000000000007,0.10000000000000006
SKU00157,2024-12-02,Outerwear,2.0,2,True,46.0,22.4,-23.6,0.5130434782608696
SKU00157,2024-12-09,Outerwear,2.0,2,True,0.0,15.6,15.6,
SKU00157,2024-12-16,Outerwear,2.0,2,True,0.0,6.1,6.1,
SKU00157,2024-12-23,Outerwear,2.0,2,False,0.0,4.5,4.5,
SKU00158,2024-10-28,Outerwear,2.0,2,False,18.0,17.0,-1.0,0.05555555555555555
SKU00158,2024-11-04,Outerwear,2.0,2,False,13.0,17.3,4.300000000000001,0.3307692307692308
SKU00158,2024-11-11,Outerwear,2.0,2,False,15.0,13.4,-1.5999999999999996,0.10666666666666665
SKU00158,2024-11-18,Outerwear,2.0,2,False,19.0,20.9,1.8999999999999986,0.09999999999999992
SKU00158,2024-11-25,Outerwear,2.0,2,False,10.0,15.1,5.1,0.51
SKU00158,2024-12-02,Outerwear,2.0,2,False,17.0,18.9,1.8999999999999986,0.11176470588235286
SKU00158,2024-12-09,Outerwear,2.0,2,False,14.0,19.3,5.300000000000001,0.3785714285714286
SKU00158,2024-12-16,Outerwear,2.0,2,False,12.0,19.6,7.600000000000001,0.6333333333333334
SKU00158,2024-12-23,Outerwear,2.0,2,False,20.0,19.1,-0.8999999999999986,0.04499999999999993
SKU00159,2024-10-28,Footwear,2.0,2,False,28.0,14.6,-13.4,0.4785714285714286
SKU00159,2024-11-04,Footwear,2.0,2,False,12.0,16.3,4.300000000000001,0.3583333333333334
SKU00159,2024-11-11,Footwear,2.0,2,False,18.0,14.9,-3.0999999999999996,0.1722222222222222
SKU00159,2024-11-18,Footwear,2.0,2,False,24.0,14.4,-9.6,0.39999999999999997
SKU00159,2024-11-25,Footwear,2.0,2,False,10.0,13.6,3.5999999999999996,0.36
SKU00159,2024-12-02,Footwear,2.0,2,False,12.0,13.8,1.8000000000000007,0.15000000000000005
SKU00159,2024-12-09,Footwear,2.0,2,False,16.0,14.8,-1.1999999999999993,0.07499999999999996
SKU00159,2024-12-16,Footwear,2.0,2,False,12.0,14.5,2.5,0.20833333333333334
SKU00159,2024-12-23,Footwear,2.0,2,False,18.0,15.8,-2.1999999999999993,0.12222222222222218
SKU00160,2024-10-28,Accessories,3.0,2,False,1.0,0.4,-0.6,0.6
SKU00160,2024-11-04,Accessories,3.0,2,False,10.0,6.0,-4.0,0.4
SKU00160,2024-11-11,Accessories,3.0,2,False,5.0,8.1,3.0999999999999996,0.6199999999999999
SKU00160,2024-11-18,Accessories,3.0,2,True,12.0,11.5,-0.5,0.041666666666666664
SKU00160,2024-11-25,Accessories,3.0,2,True,0.0,1.9,1.9,
SKU00160,2024-12-02,Accessories,3.0,2,False,0.0,0.5,0.5,
SKU00160,2024-12-09,Accessories,3.0,2,False,0.0,1.2,1.2,
SKU00160,2024-12-16,Accessories,3.0,2,False,6.0,2.2,-3.8,0.6333333333333333
SKU00160,2024-12-23,Accessories,3.0,2,False,5.0,6.1,1.0999999999999996,0.21999999999999992
SKU00161,2024-10-28,Outerwear,2.0,2,False,9.0,15.1,6.1,0.6777777777777777
SKU00161,2024-11-04,Outerwear,2.0,2,False,13.0,15.2,2.1999999999999993,0.16923076923076918
SKU00161,2024-11-11,Outerwear,2.0,2,False,17.0,15.8,-1.1999999999999993,0.0705882352941176
SKU00161,2024-11-18,Outerwear,2.0,2,False,14.0,16.0,2.0,0.14285714285714285
SKU00161,2024-11-25,Outerwear,2.0,2,False,17.0,14.2,-2.8000000000000007,0.16470588235294123
SKU00161,2024-12-02,Outerwear,2.0,2,False,12.0,16.6,4.600000000000001,0.38333333333333347
SKU00161,2024-12-09,Outerwear,2.0,2,False,10.0,17.2,7.199999999999999,0.72
SKU00161,2024-12-16,Outerwear,2.0,2,False,9.0,16.0,7.0,0.7777777777777778
SKU00161,2024-12-23,Outerwear,2.0,2,False,13.0,13.9,0.9000000000000004,0.06923076923076926
SKU00162,2024-10-28,Dresses,1.0,2,False,17.0,15.2,-1.8000000000000007,0.10588235294117651
SKU00162,2024-11-04,Dresses,1.0,2,False,6.0,14.8,8.8,1.4666666666666668
SKU00162,2024-11-11,Dresses,1.0,2,False,10.0,13.4,3.4000000000000004,0.34
SKU00162,2024-11-18,Dresses,1.0,2,False,11.0,12.2,1.1999999999999993,0.10909090909090903
SKU00162,2024-11-25,Dresses,1.0,2,False,10.0,11.2,1.1999999999999993,0.11999999999999993
SKU00162,2024-12-02,Dresses,1.0,2,False,12.0,10.3,-1.6999999999999993,0.1416666666666666
SKU00162,2024-12-09,Dresses,1.0,2,False,13.0,11.6,-1.4000000000000004,0.10769230769230773
SKU00162,2024-12-16,Dresses,1.0,2,False,12.0,10.1,-1.9000000000000004,0.15833333333333335
SKU00162,2024-12-23,Dresses,1.0,2,False,18.0,11.0,-7.0,0.3888888888888889
SKU00163,2024-10-28,Dresses,1.0,2,False,25.0,25.4,0.3999999999999986,0.015999999999999945
SKU00163,2024-11-04,Dresses,1.0,2,False,43.0,29.2,-13.8,0.32093023255813957
SKU00163,2024-11-11,Dresses,1.0,2,False,26.0,33.8,7.799999999999997,0.2999999999999999
SKU00163,2024-11-18,Dresses,1.0,2,False,23.0,26.1,3.1000000000000014,0.13478260869565223
SKU00163,2024-11-25,Dresses,1.0,2,False,14.0,23.6,9.600000000000001,0.6857142857142858
SKU00163,2024-12-02,Dresses,1.0,2,False,27.0,26.3,-0.6999999999999993,0.0259259259259259
SKU00163,2024-12-09,Dresses,1.0,2,False,23.0,19.6,-3.3999999999999986,0.1478260869565217
SKU00163,2024-12-16,Dresses,1.0,2,False,19.0,17.1,-1.8999999999999986,0.09999999999999992
SKU00163,2024-12-23,Dresses,1.0,2,False,23.0,24.3,1.3000000000000007,0.05652173913043481
SKU00164,2024-10-28,Dresses,1.0,3,False,0.0,2.0,2.0,
SKU00164,2024-11-04,Dresses,1.0,3,False,18.0,20.8,2.8000000000000007,0.15555555555555559
SKU00164,2024-11-11,Dresses,1.0,3,False,16.0,19.2,3.1999999999999993,0.19999999999999996
SKU00164,2024-11-18,Dresses,1.0,3,False,9.0,22.3,13.3,1.4777777777777779
SKU00164,2024-11-25,Dresses,1.0,3,False,21.0,10.4,-10.6,0.5047619047619047
SKU00164,2024-12-02,Dresses,1.0,3,False,11.0,6.9,-4.1,0.3727272727272727
SKU00164,2024-12-09,Dresses,1.0,3,False,15.0,1.7,-13.3,0.8866666666666667
SKU00164,2024-12-16,Dresses,1.0,3,False,14.0,15.1,1.0999999999999996,0.07857142857142854
SKU00164,2024-12-23,Dresses,1.0,3,False,16.0,17.5,1.5,0.09375
SKU00165,2024-10-28,Footwear,2.0,2,False,13.0,15.1,2.0999999999999996,0.16153846153846152
SKU00165,2024-11-04,Footwear,2.0,2,False,16.0,14.4,-1.5999999999999996,0.09999999999999998
SKU00165,2024-11-11,Footwear,2.0,2,False,12.0,12.9,0.9000000000000004,0.07500000000000002
SKU00165,2024-11-18,Footwear,2.0,2,False,14.0,13.7,-0.3000000000000007,0.02142857142857148
SKU00165,2024-11-25,Footwear,2.0,2,False,12.0,14.0,2.0,0.16666666666666666
SKU00165,2024-12-02,Footwear,2.0,2,False,15.0,13.2,-1.8000000000000007,0.12000000000000005
SKU00165,2024-12-09,Footwear,2.0,2,False,10.0,13.7,3.6999999999999993,0.36999999999999994
SKU00165,2024-12-16,Footwear,2.0,2,False,11.0,13.9,2.9000000000000004,0.26363636363636367
SKU00165,2024-12-23,Footwear,2.0,2,True,27.0,33.4,6.399999999999999,0.237037037037037
SKU00166,2024-10-28,Bottoms,1.0,2,False,0.0,0.4,0.4,
SKU00166,2024-11-04,Bottoms,1.0,2,False,24.0,24.3,0.3000000000000007,0.01250000000000003
SKU00166,2024-11-11,Bottoms,1.0,2,False,29.0,27.6,-1.3999999999999986,0.04827586206896547
SKU00166,2024-11-18,Bottoms,1.0,2,False,26.0,24.2,-1.8000000000000007,0.06923076923076926
SKU00166,2024-11-25,Bottoms,1.0,2,False,19.0,8.3,-10.7,0.5631578947368421
SKU00166,2024-12-02,Bottoms,1.0,2,False,3.0,0.6,-2.4,0.7999999999999999
SKU00166,2024-12-09,Bottoms,1.0,2,False,0.0,1.2,1.2,
SKU00166,2024-12-16,Bottoms,1.0,2,False,29.0,19.2,-9.8,0.33793103448275863
SKU00166,2024-12-23,Bottoms,1.0,2,False,43.0,30.5,-12.5,0.29069767441860467
SKU00167,2024-10-28,Bottoms,1.0,2,True,0.0,0.1,0.1,
SKU00167,2024-11-04,Bottoms,1.0,2,False,39.0,26.3,-12.7,0.32564102564102565
SKU00167,2024-11-11,Bottoms,1.0,2,False,56.0,30.1,-25.9,0.46249999999999997
SKU00167,2024-11-18,Bottoms,1.0,2,False,57.0,26.8,-30.2,0.5298245614035088
SKU00167,2024-11-25,Bottoms,1.0,2,True,1.0,9.2,8.2,8.2
SKU00167,2024-12-02,Bottoms,1.0,2,False,0.0,0.3,0.3,
SKU00167,2024-12-09,Bottoms,1.0,2,False,0.0,1.0,1.0,
SKU00167,2024-12-16,Bottoms,1.0,2,False,41.0,13.5,-27.5,0.6707317073170732
SKU00167,2024-12-23,Bottoms,1.0,2,False,39.0,33.9,-5.100000000000001,0.1307692307692308
SKU00168,2024-10-28,Dresses,1.0,2,False,21.0,15.9,-5.1,0.24285714285714283
SKU00168,2024-11-04,Dresses,1.0,2,False,13.0,14.8,1.8000000000000007,0.13846153846153852
SKU00168,2024-11-11,Dresses,1.0,2,False,12.0,12.9,0.9000000000000004,0.07500000000000002
SKU00168,2024-11-18,Dresses,1.0,2,False,16.0,16.2,0.1999999999999993,0.012499999999999956
SKU00168,2024-11-25,Dresses,1.0,2,False,12.0,16.3,4.300000000000001,0.3583333333333334
SKU00168,2024-12-02,Dresses,1.0,2,False,9.0,13.6,4.6,0.5111111111111111
SKU00168,2024-12-09,Dresses,1.0,2,False,9.0,12.0,3.0,0.3333333333333333
SKU00168,2024-12-16,Dresses,1.0,2,False,12.0,11.9,-0.09999999999999964,0.008333333333333304
SKU00168,2024-12-23,Dresses,1.0,2,False,12.0,11.5,-0.5,0.041666666666666664
SKU00169,2024-10-28,Tops,1.0,2,False,11.0,14.1,3.0999999999999996,0.2818181818181818
SKU00169,2024-11-04,Tops,1.0,2,False,11.0,11.1,0.09999999999999964,0.00909090909090906
SKU00169,2024-11-11,Tops,1.0,2,False,19.0,10.2,-8.8,0.46315789473684216
SKU00169,2024-11-18,Tops,1.0,2,True,20.0,42.9,22.9,1.145
SKU00169,2024-11-25,Tops,1.0,2,True,16.0,27.3,11.3,0.70625
SKU00169,2024-12-02,Tops,1.0,2,False,5.0,9.6,4.6,0.9199999999999999
SKU00169,2024-12-09,Tops,1.0,2,True,17.0,31.7,14.7,0.8647058823529411
SKU00169,2024-12-16,Tops,1.0,2,True,28.0,35.6,7.600000000000001,0.27142857142857146
SKU00169,2024-12-23,Tops,1.0,2,True,30.0,34.1,4.100000000000001,0.13666666666666671
SKU00170,2024-10-28,Tops,1.0,2,False,44.0,40.4,-3.6000000000000014,0.08181818181818185
SKU00170,2024-11-04,Tops,1.0,2,False,43.0,40.2,-2.799999999999997,0.06511627906976737
SKU00170,2024-11-11,Tops,1.0,2,False,56.0,41.5,-14.5,0.25892857142857145
SKU00170,2024-11-18,Tops,1.0,2,False,42.0,44.6,2.6000000000000014,0.06190476190476194
SKU00170,2024-11-25,Tops,1.0,2,False,28.0,39.1,11.100000000000001,0.39642857142857146
SKU00170,2024-12-02,Tops,1.0,2,False,39.0,40.7,1.7000000000000028,0.043589743589743664
SKU00170,2024-12-09,Tops,1.0,2,False,28.0,41.3,13.299999999999997,0.4749999999999999
SKU00170,2024-12-16,Tops,1.0,2,False,34.0,38.8,4.799999999999997,0.1411764705882352
SKU00170,2024-12-23,Tops,1.0,2,False,28.0,35.8,7.799999999999997,0.27857142857142847
SKU00171,2024-10-28,Tops,1.0,2,False,24.0,23.5,-0.5,0.020833333333333332
SKU00171,2024-11-04,Tops,1.0,2,False,16.0,22.9,6.899999999999999,0.4312499999999999
SKU00171,2024-11-11,Tops,1.0,2,False,16.0,17.7,1.6999999999999993,0.10624999999999996
SKU00171,2024-11-18,Tops,1.0,2,False,18.0,18.7,0.6999999999999993,0.03888888888888885
SKU00171,2024-11-25,Tops,1.0,2,False,14.0,17.6,3.6000000000000014,0.25714285714285723
SKU00171,2024-12-02,Tops,1.0,2,False,12.0,16.6,4.600000000000001,0.38333333333333347
SKU00171,2024-12-09,Tops,1.0,2,True,65.0,55.2,-9.799999999999997,0.15076923076923074
SKU00171,2024-12-16,Tops,1.0,2,True,27.0,47.7,20.700000000000003,0.7666666666666667
SKU00171,2024-12-23,Tops,1.0,2,False,13.0,17.3,4.300000000000001,0.3307692307692308
SKU00172,2024-10-28,Footwear,1.0,2,False,24.0,17.3,-6.699999999999999,0.2791666666666666
SKU00172,2024-11-04,Footwear,1.0,2,False,9.0,15.1,6.1,0.6777777777777777
SKU00172,2024-11-11,Footwear,1.0,2,False,13.0,17.1,4.100000000000001,0.3153846153846155
SKU00172,2024-11-18,Footwear,1.0,2,False,12.0,18.2,6.199999999999999,0.5166666666666666
SKU00172,2024-11-25,Footwear,1.0,2,False,15.0,17.5,2.5,0.16666666666666666
SKU00172,2024-12-02,Footwear,1.0,2,False,23.0,18.0,-5.0,0.21739130434782608
SKU00172,2024-12-09,Footwear,1.0,2,False,16.0,17.4,1.3999999999999986,0.08749999999999991
SKU00172,2024-12-16,Footwear,1.0,2,False,13.0,15.2,2.1999999999999993,0.16923076923076918
SKU00172,2024-12-23,Footwear,1.0,2,False,15.0,18.8,3.8000000000000007,0.25333333333333335
SKU00173,2024-10-28,Footwear,3.0,2,False,10.0,10.2,0.1999999999999993,0.019999999999999928
SKU00173,2024-11-04,Footwear,3.0,2,False,7.0,9.0,2.0,0.2857142857142857
SKU00173,2024-11-11,Footwear,3.0,2,False,9.0,9.6,0.5999999999999996,0.06666666666666662
SKU00173,2024-11-18,Footwear,3.0,2,False,9.0,9.7,0.6999999999999993,0.0777777777777777
SKU00173,2024-11-25,Footwear,3.0,2,False,7.0,10.3,3.3000000000000007,0.47142857142857153
SKU00173,2024-12-02,Footwear,3.0,2,False,6.0,8.5,2.5,0.4166666666666667
SKU00173,2024-12-09,Footwear,3.0,2,False,9.0,8.7,-0.3000000000000007,0.03333333333333341
SKU00173,2024-12-16,Footwear,3.0,2,False,5.0,7.7,2.7,0.54
SKU00173,2024-12-23,Footwear,3.0,2,False,6.0,9.2,3.1999999999999993,0.5333333333333332
SKU00174,2024-10-28,Footwear,2.0,2,False,0.0,2.8,2.8,
SKU00174,2024-11-04,Footwear,2.0,2,False,25.0,15.0,-10.0,0.4
SKU00174,2024-11-11,Footwear,2.0,2,False,27.0,20.8,-6.199999999999999,0.2296296296296296
SKU00174,2024-11-18,Footwear,2.0,2,False,19.0,13.0,-6.0,0.3157894736842105
SKU00174,2024-11-25,Footwear,2.0,2,False,24.0,8.2,-15.8,0.6583333333333333
SKU00174,2024-12-02,Footwear,2.0,2,False,21.0,5.1,-15.9,0.7571428571428571
SKU00174,2024-12-09,Footwear,2.0,2,False,3.0,18.1,15.100000000000001,5.033333333333334
SKU00174,2024-12-16,Footwear,2.0,2,False,36.0,12.8,-23.2,0.6444444444444444
SKU00174,2024-12-23,Footwear,2.0,2,False,38.0,26.8,-11.2,0.29473684210526313
SKU00175,2024-10-28,Dresses,1.0,2,False,25.0,28.8,3.8000000000000007,0.15200000000000002
SKU00175,2024-11-04,Dresses,1.0,2,False,20.0,23.6,3.6000000000000014,0.18000000000000008
SKU00175,2024-11-11,Dresses,1.0,2,False,20.0,21.1,1.1000000000000014,0.05500000000000007
SKU00175,2024-11-18,Dresses,1.0,2,False,17.0,20.0,3.0,0.17647058823529413
SKU00175,2024-11-25,Dresses,1.0,2,False,17.0,20.9,3.8999999999999986,0.22941176470588226
SKU00175,2024-12-02,Dresses,1.0,2,False,15.0,22.2,7.199999999999999,0.4799999999999999
SKU00175,2024-12-09,Dresses,1.0,2,False,22.0,18.6,-3.3999999999999986,0.15454545454545449
SKU00175,2024-12-16,Dresses,1.0,2,True,47.0,58.9,11.899999999999999,0.2531914893617021
SKU00175,2024-12-23,Dresses,1.0,2,False,27.0,21.6,-5.399999999999999,0.19999999999999996
SKU00176,2024-10-28,Footwear,1.0,2,False,11.0,15.9,4.9,0.4454545454545455
SKU00176,2024-11-04,Footwear,1.0,2,False,13.0,16.1,3.1000000000000014,0.23846153846153856
SKU00176,2024-11-11,Footwear,1.0,2,True,28.0,46.9,18.9,0.6749999999999999
SKU00176,2024-11-18,Footwear,1.0,2,True,34.0,48.8,14.799999999999997,0.4352941176470587
SKU00176,2024-11-25,Footwear,1.0,2,False,12.0,16.6,4.600000000000001,0.38333333333333347
SKU00176,2024-12-02,Footwear,1.0,2,False,22.0,15.2,-6.800000000000001,0.30909090909090914
SKU00176,2024-12-09,Footwear,1.0,2,False,10.0,16.0,6.0,0.6
SKU00176,2024-12-16,Footwear,1.0,2,False,20.0,16.9,-3.1000000000000014,0.15500000000000008
SKU00176,2024-12-23,Footwear,1.0,2,False,17.0,17.8,0.8000000000000007,0.047058823529411806
SKU00177,2024-10-28,Tops,2.0,2,False,6.0,6.9,0.9000000000000004,0.15000000000000005
SKU00177,2024-11-04,Tops,2.0,2,False,6.0,8.1,2.0999999999999996,0.3499999999999999
SKU00177,2024-11-11,Tops,2.0,2,False,6.0,6.4,0.40000000000000036,0.06666666666666672
SKU00177,2024-11-18,Tops,2.0,2,False,7.0,5.6,-1.4000000000000004,0.20000000000000004
SKU00177,2024-11-25,Tops,2.0,2,False,6.0,5.7,-0.2999999999999998,0.04999999999999997
SKU00177,2024-12-02,Tops,2.0,2,False,4.0,5.4,1.4000000000000004,0.3500000000000001
SKU00177,2024-12-09,Tops,2.0,2,False,7.0,7.2,0.20000000000000018,0.0285714285714286
SKU00177,2024-12-16,Tops,2.0,2,True,7.0,14.1,7.1,1.0142857142857142
SKU00177,2024-12-23,Tops,2.0,2,True,8.0,17.1,9.100000000000001,1.1375000000000002
SKU00178,2024-10-28,Accessories,3.0,3,False,7.0,9.6,2.5999999999999996,0.3714285714285714
SKU00178,2024-11-04,Accessories,3.0,3,False,13.0,10.1,-2.9000000000000004,0.22307692307692312
SKU00178,2024-11-11,Accessories,3.0,3,False,8.0,8.5,0.5,0.0625
SKU00178,2024-11-18,Accessories,3.0,3,False,7.0,7.9,0.9000000000000004,0.12857142857142861
SKU00178,2024-11-25,Accessories,3.0,3,False,9.0,8.9,-0.09999999999999964,0.011111111111111072
SKU00178,2024-12-02,Accessories,3.0,3,False,8.0,8.2,0.1999999999999993,0.02499999999999991
SKU00178,2024-12-09,Accessories,3.0,3,False,10.0,9.8,-0.1999999999999993,0.019999999999999928
SKU00178,2024-12-16,Accessories,3.0,3,False,10.0,7.5,-2.5,0.25
SKU00178,2024-12-23,Accessories,3.0,3,False,6.0,7.8,1.7999999999999998,0.3
SKU00179,2024-10-28,Outerwear,3.0,2,False,0.0,1.6,1.6,
SKU00179,2024-11-04,Outerwear,3.0,2,True,38.0,43.8,5.799999999999997,0.15263157894736834
SKU00179,2024-11-11,Outerwear,3.0,2,False,10.0,4.7,-5.3,0.53
SKU00179,2024-11-18,Outerwear,3.0,2,False,0.0,7.3,7.3,
SKU00179,2024-11-25,Outerwear,3.0,2,True,0.0,4.9,4.9,
SKU00179,2024-12-02,Outerwear,3.0,2,False,0.0,-0.2,-0.2,
SKU00179,2024-12-09,Outerwear,3.0,2,False,0.0,1.4,1.4,
SKU00179,2024-12-16,Outerwear,3.0,2,True,29.0,31.8,2.8000000000000007,0.09655172413793106
SKU00179,2024-12-23,Outerwear,3.0,2,True,30.0,18.0,-12.0,0.4
SKU00180,2024-10-28,Accessories,1.0,2,False,0.0,0.8,0.8,
SKU00180,2024-11-04,Accessories,1.0,2,False,40.0,32.9,-7.100000000000001,0.17750000000000005
SKU00180,2024-11-11,Accessories,1.0,2,False,52.0,31.0,-21.0,0.40384615384615385
SKU00180,2024-11-18,Accessories,1.0,2,False,15.0,29.7,14.7,0.98
SKU00180,2024-11-25,Accessories,1.0,2,True,0.0,7.0,7.0,
SKU00180,2024-12-02,Accessories,1.0,2,False,0.0,-0.2,-0.2,
SKU00180,2024-12-09,Accessories,1.0,2,False,0.0,1.3,1.3,
SKU00180,2024-12-16,Accessories,1.0,2,False,40.0,12.9,-27.1,0.6775
SKU00180,2024-12-23,Accessories,1.0,2,False,34.0,26.3,-7.699999999999999,0.2264705882352941
SKU00181,2024-10-28,Tops,2.0,2,False,7.0,9.2,2.1999999999999993,0.31428571428571417
SKU00181,2024-11-04,Tops,2.0,2,False,7.0,9.5,2.5,0.35714285714285715
SKU00181,2024-11-11,Tops,2.0,2,False,7.0,7.8,0.7999999999999998,0.11428571428571425
SKU00181,2024-11-18,Tops,2.0,2,False,6.0,7.7,1.7000000000000002,0.2833333333333334
SKU00181,2024-11-25,Tops,2.0,2,False,7.0,7.3,0.2999999999999998,0.04285714285714283
SKU00181,2024-12-02,Tops,2.0,2,False,6.0,7.6,1.5999999999999996,0.2666666666666666
SKU00181,2024-12-09,Tops,2.0,2,False,6.0,8.2,2.1999999999999993,0.36666666666666653
SKU00181,2024-12-16,Tops,2.0,2,False,7.0,6.6,-0.40000000000000036,0.0571428571428572
SKU00181,2024-12-23,Tops,2.0,2,True,17.0,15.2,-1.8000000000000007,0.10588235294117651
SKU00182,2024-10-28,Dresses,2.0,2,False,11.0,13.9,2.9000000000000004,0.26363636363636367
SKU00182,2024-11-04,Dresses,2.0,2,False,10.0,11.6,1.5999999999999996,0.15999999999999998
SKU00182,2024-11-11,Dresses,2.0,2,False,6.0,8.9,2.9000000000000004,0.4833333333333334
SKU00182,2024-11-18,Dresses,2.0,2,True,16.0,26.1,10.100000000000001,0.6312500000000001
SKU00182,2024-11-25,Dresses,2.0,2,True,20.0,20.4,0.3999999999999986,0.019999999999999928
SKU00182,2024-12-02,Dresses,2.0,2,True,19.0,20.3,1.3000000000000007,0.06842105263157898
SKU00182,2024-12-09,Dresses,2.0,2,False,6.0,9.6,3.5999999999999996,0.6
SKU00182,2024-12-16,Dresses,2.0,2,False,6.0,9.5,3.5,0.5833333333333334
SKU00182,2024-12-23,Dresses,2.0,2,False,5.0,9.4,4.4,0.8800000000000001
SKU00183,2024-10-28,Footwear,1.0,2,False,37.0,46.9,9.899999999999999,0.26756756756756755
SKU00183,2024-11-04,Footwear,1.0,2,False,45.0,43.6,-1.3999999999999986,0.03111111111111108
SKU00183,2024-11-11,Footwear,1.0,2,False,36.0,38.1,2.1000000000000014,0.058333333333333376
SKU00183,2024-11-18,Footwear,1.0,2,False,75.0,51.2,-23.799999999999997,0.3173333333333333
SKU00183,2024-11-25,Footwear,1.0,2,False,47.0,46.2,-0.7999999999999972,0.01702127659574462
SKU00183,2024-12-02,Footwear,1.0,2,False,46.0,43.4,-2.6000000000000014,0.05652173913043481
SKU00183,2024-12-09,Footwear,1.0,2,False,40.0,44.5,4.5,0.1125
SKU00183,2024-12-16,Footwear,1.0,2,False,58.0,47.9,-10.100000000000001,0.17413793103448277
SKU00183,2024-12-23,Footwear,1.0,2,False,52.0,47.4,-4.600000000000001,0.0884615384615385
SKU00184,2024-10-28,Dresses,1.0,2,False,19.0,20.7,1.6999999999999993,0.08947368421052627
SKU00184,2024-11-04,Dresses,1.0,2,False,16.0,18.5,2.5,0.15625
SKU00184,2024-11-11,Dresses,1.0,2,False,11.0,19.2,8.2,0.7454545454545454
SKU00184,2024-11-18,Dresses,1.0,2,False,18.0,17.5,-0.5,0.027777777777777776
SKU00184,2024-11-25,Dresses,1.0,2,False,19.0,15.1,-3.9000000000000004,0.20526315789473687
SKU00184,2024-12-02,Dresses,1.0,2,False,13.0,15.3,2.3000000000000007,0.176923076923077
SKU00184,2024-12-09,Dresses,1.0,2,False,15.0,19.6,4.600000000000001,0.30666666666666675
SKU00184,2024-12-16,Dresses,1.0,2,False,16.0,13.3,-2.6999999999999993,0.16874999999999996
SKU00184,2024-12-23,Dresses,1.0,2,False,13.0,12.5,-0.5,0.038461538461538464
SKU00185,2024-10-28,Dresses,2.0,2,False,15.0,11.1,-3.9000000000000004,0.26
SKU00185,2024-11-04,Dresses,2.0,2,False,11.0,11.0,0.0,0.0
SKU00185,2024-11-11,Dresses,2.0,2,False,9.0,12.1,3.0999999999999996,0.3444444444444444
SKU00185,2024-11-18,Dresses,2.0,2,False,9.0,11.8,2.8000000000000007,0.31111111111111117
SKU00185,2024-11-25,Dresses,2.0,2,False,8.0,10.6,2.5999999999999996,0.32499999999999996
SKU00185,2024-12-02,Dresses,2.0,2,False,6.0,8.5,2.5,0.4166666666666667
SKU00185,2024-12-09,Dresses,2.0,2,False,7.0,9.8,2.8000000000000007,0.4000000000000001
SKU00185,2024-12-16,Dresses,2.0,2,False,9.0,9.2,0.1999999999999993,0.022222222222222143
SKU00185,2024-12-23,Dresses,2.0,2,False,6.0,8.7,2.6999999999999993,0.4499999999999999
SKU00186,2024-10-28,Tops,1.0,2,False,13.0,16.0,3.0,0.23076923076923078
SKU00186,2024-11-04,Tops,1.0,2,False,13.0,14.4,1.4000000000000004,0.10769230769230773
SKU00186,2024-11-11,Tops,1.0,2,False,7.0,13.5,6.5,0.9285714285714286
SKU00186,2024-11-18,Tops,1.0,2,False,20.0,15.5,-4.5,0.225
SKU00186,2024-11-25,Tops,1.0,2,False,11.0,13.1,2.0999999999999996,0.1909090909090909
SKU00186,2024-12-02,Tops,1.0,2,False,13.0,11.7,-1.3000000000000007,0.10000000000000006
SKU00186,2024-12-09,Tops,1.0,2,False,11.0,11.1,0.09999999999999964,0.00909090909090906
SKU00186,2024-12-16,Tops,1.0,2,False,7.0,14.1,7.1,1.0142857142857142
SKU00186,2024-12-23,Tops,1.0,2,False,8.0,13.7,5.699999999999999,0.7124999999999999
SKU00187,2024-10-28,Dresses,3.0,2,False,7.0,14.1,7.1,1.0142857142857142
SKU00187,2024-11-04,Dresses,3.0,2,False,10.0,12.3,2.3000000000000007,0.23000000000000007
SKU00187,2024-11-11,Dresses,3.0,2,False,11.0,11.1,0.09999999999999964,0.00909090909090906
SKU00187,2024-11-18,Dresses,3.0,2,False,6.0,11.5,5.5,0.9166666666666666
SKU00187,2024-11-25,Dresses,3.0,2,False,11.0,13.3,2.3000000000000007,0.20909090909090916
SKU00187,2024-12-02,Dresses,3.0,2,False,10.0,10.1,0.09999999999999964,0.009999999999999964
SKU00187,2024-12-09,Dresses,3.0,2,False,8.0,11.0,3.0,0.375
SKU00187,2024-12-16,Dresses,3.0,2,False,11.0,13.1,2.0999999999999996,0.1909090909090909
SKU00187,2024-12-23,Dresses,3.0,2,False,13.0,9.8,-3.1999999999999993,0.2461538461538461
SKU00188,2024-10-28,Bottoms,2.0,2,False,12.0,12.2,0.1999999999999993,0.016666666666666607
SKU00188,2024-11-04,Bottoms,2.0,2,False,15.0,13.8,-1.1999999999999993,0.07999999999999995
SKU00188,2024-11-11,Bottoms,2.0,2,False,15.0,12.1,-2.9000000000000004,0.19333333333333336
SKU00188,2024-11-18,Bottoms,2.0,2,False,21.0,13.3,-7.699999999999999,0.36666666666666664
SKU00188,2024-11-25,Bottoms,2.0,2,False,26.0,13.0,-13.0,0.5
SKU00188,2024-12-02,Bottoms,2.0,2,False,12.0,14.4,2.4000000000000004,0.20000000000000004
SKU00188,2024-12-09,Bottoms,2.0,2,False,16.0,12.5,-3.5,0.21875
SKU00188,2024-12-16,Bottoms,2.0,2,False,17.0,13.5,-3.5,0.20588235294117646
SKU00188,2024-12-23,Bottoms,2.0,2,True,40.0,48.4,8.399999999999999,0.20999999999999996
SKU00189,2024-10-28,Bottoms,2.0,2,False,48.0,35.2,-12.799999999999997,0.2666666666666666
SKU00189,2024-11-04,Bottoms,2.0,2,False,57.0,40.1,-16.9,0.2964912280701754
SKU00189,2024-11-11,Bottoms,2.0,2,False,36.0,39.2,3.200000000000003,0.08888888888888896
SKU00189,2024-11-18,Bottoms,2.0,2,False,39.0,50.6,11.600000000000001,0.2974358974358975
SKU00189,2024-11-25,Bottoms,2.0,2,False,21.0,48.1,27.1,1.2904761904761906
SKU00189,2024-12-02,Bottoms,2.0,2,False,30.0,40.3,10.299999999999997,0.3433333333333332
SKU00189,2024-12-09,Bottoms,2.0,2,True,101.0,81.2,-19.799999999999997,0.19603960396039602
SKU00189,2024-12-16,Bottoms,2.0,2,False,85.0,32.0,-53.0,0.6235294117647059
SKU00189,2024-12-23,Bottoms,2.0,2,False,34.0,38.9,4.899999999999999,0.1441176470588235
SKU00190,2024-10-28,Footwear,2.0,2,False,7.0,10.5,3.5,0.5
SKU00190,2024-11-04,Footwear,2.0,2,False,12.0,11.3,-0.6999999999999993,0.05833333333333327
SKU00190,2024-11-11,Footwear,2.0,2,False,15.0,11.7,-3.3000000000000007,0.22000000000000006
SKU00190,2024-11-18,Footwear,2.0,2,False,12.0,10.9,-1.0999999999999996,0.09166666666666663
SKU00190,2024-11-25,Footwear,2.0,2,False,7.0,11.5,4.5,0.6428571428571429
SKU00190,2024-12-02,Footwear,2.0,2,False,5.0,7.8,2.8,0.5599999999999999
SKU00190,2024-12-09,Footwear,2.0,2,False,11.0,9.6,-1.4000000000000004,0.12727272727272732
SKU00190,2024-12-16,Footwear,2.0,2,False,12.0,9.0,-3.0,0.25
SKU00190,2024-12-23,Footwear,2.0,2,False,11.0,9.7,-1.3000000000000007,0.11818181818181825
SKU00191,2024-10-28,Outerwear,2.0,2,False,13.0,18.8,5.800000000000001,0.44615384615384623
SKU00191,2024-11-04,Outerwear,2.0,2,True,40.0,37.0,-3.0,0.075
SKU00191,2024-11-11,Outerwear,2.0,2,True,52.0,43.6,-8.399999999999999,0.16153846153846152
SKU00191,2024-11-18,Outerwear,2.0,2,False,24.0,22.5,-1.5,0.0625
SKU00191,2024-11-25,Outerwear,2.0,2,False,25.0,21.8,-3.1999999999999993,0.12799999999999997
SKU00191,2024-12-02,Outerwear,2.0,2,False,44.0,24.0,-20.0,0.45454545454545453
SKU00191,2024-12-09,Outerwear,2.0,2,False,17.0,22.4,5.399999999999999,0.31764705882352934
SKU00191,2024-12-16,Outerwear,2.0,2,False,26.0,22.0,-4.0,0.15384615384615385
SKU00191,2024-12-23,Outerwear,2.0,2,True,82.0,31.6,-50.4,0.6146341463414634
SKU00192,2024-10-28,Outerwear,2.0,2,False,12.0,11.9,-0.09999999999999964,0.008333333333333304
SKU00192,2024-11-04,Outerwear,2.0,2,False,12.0,11.2,-0.8000000000000007,0.06666666666666672
SKU00192,2024-11-11,Outerwear,2.0,2,False,21.0,11.6,-9.4,0.44761904761904764
SKU00192,2024-11-18,Outerwear,2.0,2,False,13.0,11.7,-1.3000000000000007,0.10000000000000006
SKU00192,2024-11-25,Outerwear,2.0,2,False,13.0,11.8,-1.1999999999999993,0.09230769230769226
SKU00192,2024-12-02,Outerwear,2.0,2,False,17.0,12.6,-4.4,0.25882352941176473
SKU00192,2024-12-09,Outerwear,2.0,2,False,10.0,13.3,3.3000000000000007,0.33000000000000007
SKU00192,2024-12-16,Outerwear,2.0,2,False,10.0,14.9,4.9,0.49000000000000005
SKU00192,2024-12-23,Outerwear,2.0,2,False,16.0,15.3,-0.6999999999999993,0.043749999999999956
SKU00193,2024-10-28,Dresses,1.0,2,False,24.0,26.9,2.8999999999999986,0.12083333333333328
SKU00193,2024-11-04,Dresses,1.0,2,False,17.0,27.3,10.3,0.6058823529411765
SKU00193,2024-11-11,Dresses,1.0,2,False,15.0,25.4,10.399999999999999,0.6933333333333332
SKU00193,2024-11-18,Dresses,1.0,2,False,25.0,25.2,0.1999999999999993,0.007999999999999972
SKU00193,2024-11-25,Dresses,1.0,2,False,22.0,25.8,3.8000000000000007,0.17272727272727276
SKU00193,2024-12-02,Dresses,1.0,2,False,26.0,28.3,2.3000000000000007,0.0884615384615385
SKU00193,2024-12-09,Dresses,1.0,2,False,21.0,24.1,3.1000000000000014,0.14761904761904768
SKU00193,2024-12-16,Dresses,1.0,2,False,18.0,22.8,4.800000000000001,0.2666666666666667
SKU00193,2024-12-23,Dresses,1.0,2,False,28.0,18.7,-9.3,0.3321428571428572
SKU00194,2024-10-28,Accessories,3.0,3,False,33.0,27.4,-5.600000000000001,0.16969696969696973
SKU00194,2024-11-04,Accessories,3.0,3,False,57.0,29.2,-27.8,0.48771929824561405
SKU00194,2024-11-11,Accessories,3.0,3,False,31.0,29.9,-1.1000000000000014,0.035483870967741984
SKU00194,2024-11-18,Accessories,3.0,3,False,22.0,32.0,10.0,0.45454545454545453
SKU00194,2024-11-25,Accessories,3.0,3,False,29.0,28.4,-0.6000000000000014,0.02068965517241384
SKU00194,2024-12-02,Accessories,3.0,3,False,36.0,28.5,-7.5,0.20833333333333334
SKU00194,2024-12-09,Accessories,3.0,3,False,39.0,28.4,-10.600000000000001,0.27179487179487183
SKU00194,2024-12-16,Accessories,3.0,3,False,85.0,28.3,-56.7,0.6670588235294118
SKU00194,2024-12-23,Accessories,3.0,3,True,132.0,85.3,-46.7,0.3537878787878788
SKU00195,2024-10-28,Tops,1.0,2,False,17.0,23.4,6.399999999999999,0.37647058823529406
SKU00195,2024-11-04,Tops,1.0,2,False,13.0,19.9,6.899999999999999,0.5307692307692307
SKU00195,2024-11-11,Tops,1.0,2,False,18.0,18.1,0.10000000000000142,0.005555555555555635
SKU00195,2024-11-18,Tops,1.0,2,False,15.0,17.2,2.1999999999999993,0.1466666666666666
SKU00195,2024-11-25,Tops,1.0,2,False,11.0,15.8,4.800000000000001,0.43636363636363645
SKU00195,2024-12-02,Tops,1.0,2,False,10.0,16.4,6.399999999999999,0.6399999999999999
SKU00195,2024-12-09,Tops,1.0,2,False,19.0,19.9,0.8999999999999986,0.047368421052631504
SKU00195,2024-12-16,Tops,1.0,2,False,12.0,16.0,4.0,0.3333333333333333
SKU00195,2024-12-23,Tops,1.0,2,False,10.0,16.7,6.699999999999999,0.6699999999999999
SKU00196,2024-10-28,Dresses,1.0,2,True,28.0,64.5,36.5,1.3035714285714286
SKU00196,2024-11-04,Dresses,1.0,2,True,22.0,29.5,7.5,0.3409090909090909
SKU00196,2024-11-11,Dresses,1.0,2,True,39.0,47.9,8.899999999999999,0.22820512820512817
SKU00196,2024-11-18,Dresses,1.0,2,False,12.0,11.2,-0.8000000000000007,0.06666666666666672
SKU00196,2024-11-25,Dresses,1.0,2,True,17.0,35.7,18.700000000000003,1.1
SKU00196,2024-12-02,Dresses,1.0,2,True,21.0,33.7,12.700000000000003,0.604761904761905
SKU00196,2024-12-09,Dresses,1.0,2,True,38.0,47.9,9.899999999999999,0.26052631578947366
SKU00196,2024-12-16,Dresses,1.0,2,False,7.0,9.9,2.9000000000000004,0.4142857142857143
SKU00196,2024-12-23,Dresses,1.0,2,True,13.0,32.2,19.200000000000003,1.4769230769230772
SKU00197,2024-10-28,Tops,2.0,2,False,18.0,0.3,-17.7,0.9833333333333333
SKU00197,2024-11-04,Tops,2.0,2,False,16.0,17.3,1.3000000000000007,0.08125000000000004
SKU00197,2024-11-11,Tops,2.0,2,False,13.0,20.1,7.100000000000001,0.5461538461538462
SKU00197,2024-11-18,Tops,2.0,2,False,20.0,22.5,2.5,0.125
SKU00197,2024-11-25,Tops,2.0,2,False,10.0,8.4,-1.5999999999999996,0.15999999999999998
SKU00197,2024-12-02,Tops,2.0,2,False,9.0,2.0,-7.0,0.7777777777777778
SKU00197,2024-12-09,Tops,2.0,2,False,0.0,2.0,2.0,
SKU00197,2024-12-16,Tops,2.0,2,False,11.0,6.3,-4.7,0.4272727272727273
SKU00197,2024-12-23,Tops,2.0,2,False,9.0,8.4,-0.5999999999999996,0.06666666666666662
SKU00198,2024-10-28,Dresses,2.0,2,False,15.0,12.1,-2.9000000000000004,0.19333333333333336
SKU00198,2024-11-04,Dresses,2.0,2,False,10.0,11.6,1.5999999999999996,0.15999999999999998
SKU00198,2024-11-11,Dresses,2.0,2,False,7.0,10.7,3.6999999999999993,0.5285714285714285
SKU00198,2024-11-18,Dresses,2.0,2,False,9.0,9.5,0.5,0.05555555555555555
SKU00198,2024-11-25,Dresses,2.0,2,False,7.0,10.5,3.5,0.5
SKU00198,2024-12-02,Dresses,2.0,2,False,7.0,10.6,3.5999999999999996,0.5142857142857142
SKU00198,2024-12-09,Dresses,2.0,2,False,7.0,11.6,4.6,0.6571428571428571
SKU00198,2024-12-16,Dresses,2.0,2,False,7.0,8.4,1.4000000000000004,0.20000000000000004
SKU00198,2024-12-23,Dresses,2.0,2,False,9.0,9.4,0.40000000000000036,0.04444444444444448
SKU00199,2024-10-28,Accessories,3.0,2,False,11.0,5.6,-5.4,0.49090909090909096
SKU00199,2024-11-04,Accessories,3.0,2,False,8.0,10.0,2.0,0.25
SKU00199,2024-11-11,Accessories,3.0,2,False,5.0,7.8,2.8,0.5599999999999999
SKU00199,2024-11-18,Accessories,3.0,2,False,8.0,7.0,-1.0,0.125
SKU00199,2024-11-25,Accessories,3.0,2,False,6.0,6.3,0.2999999999999998,0.04999999999999997
SKU00199,2024-12-02,Accessories,3.0,2,True,19.0,20.2,1.1999999999999993,0.06315789473684207
SKU00199,2024-12-09,Accessories,3.0,2,False,6.0,6.0,0.0,0.0
SKU00199,2024-12-16,Accessories,3.0,2,False,6.0,5.0,-1.0,0.16666666666666666
SKU00199,2024-12-23,Accessories,3.0,2,False,6.0,5.3,-0.7000000000000002,0.1166666666666667
SKU00200,2024-10-28,Dresses,2.0,2,False,8.0,6.4,-1.5999999999999996,0.19999999999999996
SKU00200,2024-11-04,Dresses,2.0,2,False,4.0,8.2,4.199999999999999,1.0499999999999998
SKU00200,2024-11-11,Dresses,2.0,2,False,4.0,6.8,2.8,0.7
SKU00200,2024-11-18,Dresses,2.0,2,False,6.0,6.3,0.2999999999999998,0.04999999999999997
SKU00200,2024-11-25,Dresses,2.0,2,False,6.0,6.0,0.0,0.0
SKU00200,2024-12-02,Dresses,2.0,2,False,3.0,6.8,3.8,1.2666666666666666
SKU00200,2024-12-09,Dresses,2.0,2,False,6.0,7.3,1.2999999999999998,0.21666666666666665
SKU00200,2024-12-16,Dresses,2.0,2,False,6.0,6.2,0.20000000000000018,0.03333333333333336
SKU00200,2024-12-23,Dresses,2.0,2,False,6.0,7.4,1.4000000000000004,0.2333333333333334
SKU00201,2024-10-28,Accessories,3.0,2,False,4.0,5.9,1.9000000000000004,0.4750000000000001
SKU00201,2024-11-04,Accessories,3.0,2,True,14.0,12.2,-1.8000000000000007,0.12857142857142861
SKU00201,2024-11-11,Accessories,3.0,2,False,3.0,6.5,3.5,1.1666666666666667
SKU00201,2024-11-18,Accessories,3.0,2,False,6.0,5.0,-1.0,0.16666666666666666
SKU00201,2024-11-25,Accessories,3.0,2,False,7.0,5.6,-1.4000000000000004,0.20000000000000004
SKU00201,2024-12-02,Accessories,3.0,2,False,5.0,5.7,0.7000000000000002,0.14000000000000004
SKU00201,2024-12-09,Accessories,3.0,2,False,6.0,5.7,-0.2999999999999998,0.04999999999999997
SKU00201,2024-12-16,Accessories,3.0,2,False,4.0,5.1,1.0999999999999996,0.2749999999999999
SKU00201,2024-12-23,Accessories,3.0,2,False,4.0,4.9,0.9000000000000004,0.2250000000000001
SKU00202,2024-10-28,Dresses,3.0,3,False,0.0,2.1,2.1,
SKU00202,2024-11-04,Dresses,3.0,3,False,3.0,8.0,5.0,1.6666666666666667
SKU00202,2024-11-11,Dresses,3.0,3,False,3.0,8.6,5.6,1.8666666666666665
SKU00202,2024-11-18,Dresses,3.0,3,False,4.0,9.6,5.6,1.4
SKU00202,2024-11-25,Dresses,3.0,3,False,2.0,7.6,5.6,2.8
SKU00202,2024-12-02,Dresses,3.0,3,False,2.0,1.6,-0.3999999999999999,0.19999999999999996
SKU00202,2024-12-09,Dresses,3.0,3,False,3.0,2.0,-1.0,0.3333333333333333
SKU00202,2024-12-16,Dresses,3.0,3,True,13.0,36.2,23.200000000000003,1.784615384615385
SKU00202,2024-12-23,Dresses,3.0,3,True,8.0,14.6,6.6,0.825
SKU00203,2024-10-28,Footwear,1.0,2,False,20.0,18.6,-1.3999999999999986,0.06999999999999992
SKU00203,2024-11-04,Footwear,1.0,2,True,35.0,47.2,12.200000000000003,0.34857142857142864
SKU00203,2024-11-11,Footwear,1.0,2,False,12.0,20.6,8.600000000000001,0.7166666666666668
SKU00203,2024-11-18,Footwear,1.0,2,False,9.0,16.5,7.5,0.8333333333333334
SKU00203,2024-11-25,Footwear,1.0,2,False,13.0,16.1,3.1000000000000014,0.23846153846153856
SKU00203,2024-12-02,Footwear,1.0,2,False,15.0,15.2,0.1999999999999993,0.013333333333333286
SKU00203,2024-12-09,Footwear,1.0,2,False,14.0,18.9,4.899999999999999,0.3499999999999999
SKU00203,2024-12-16,Footwear,1.0,2,False,20.0,15.7,-4.300000000000001,0.21500000000000002
SKU00203,2024-12-23,Footwear,1.0,2,False,21.0,16.4,-4.600000000000001,0.2190476190476191
SKU00204,2024-10-28,Dresses,1.0,2,False,14.0,16.1,2.1000000000000014,0.1500000000000001
SKU00204,2024-11-04,Dresses,1.0,2,False,15.0,19.9,4.899999999999999,0.32666666666666655
SKU00204,2024-11-11,Dresses,1.0,2,False,17.0,16.9,-0.10000000000000142,0.005882352941176554
SKU00204,2024-11-18,Dresses,1.0,2,True,31.0,45.8,14.799999999999997,0.47741935483870956
SKU00204,2024-11-25,Dresses,1.0,2,True,28.0,39.9,11.899999999999999,0.42499999999999993
SKU00204,2024-12-02,Dresses,1.0,2,False,7.0,12.1,5.1,0.7285714285714285
SKU00204,2024-12-09,Dresses,1.0,2,False,14.0,11.8,-2.1999999999999993,0.15714285714285708
SKU00204,2024-12-16,Dresses,1.0,2,False,9.0,13.7,4.699999999999999,0.5222222222222221
SKU00204,2024-12-23,Dresses,1.0,2,False,13.0,15.5,2.5,0.19230769230769232
SKU00205,2024-10-28,Bottoms,1.0,2,False,27.0,27.6,0.6000000000000014,0.022222222222222275
SKU00205,2024-11-04,Bottoms,1.0,2,False,52.0,32.3,-19.700000000000003,0.3788461538461539
SKU00205,2024-11-11,Bottoms,1.0,2,False,20.0,26.2,6.199999999999999,0.30999999999999994
SKU00205,2024-11-18,Bottoms,1.0,2,False,28.0,28.5,0.5,0.017857142857142856
SKU00205,2024-11-25,Bottoms,1.0,2,False,31.0,28.4,-2.6000000000000014,0.08387096774193553
SKU00205,2024-12-02,Bottoms,1.0,2,False,41.0,29.4,-11.600000000000001,0.2829268292682927
SKU00205,2024-12-09,Bottoms,1.0,2,False,37.0,35.5,-1.5,0.04054054054054054
SKU00205,2024-12-16,Bottoms,1.0,2,False,27.0,32.0,5.0,0.18518518518518517
SKU00205,2024-12-23,Bottoms,1.0,2,False,43.0,27.1,-15.899999999999999,0.36976744186046506
SKU00206,2024-10-28,Footwear,2.0,2,False,13.0,11.5,-1.5,0.11538461538461539
SKU00206,2024-11-04,Footwear,2.0,2,False,17.0,16.3,-0.6999999999999993,0.04117647058823525
SKU00206,2024-11-11,Footwear,2.0,2,False,21.0,12.7,-8.3,0.3952380952380953
SKU00206,2024-11-18,Footwear,2.0,2,False,16.0,10.0,-6.0,0.375
SKU00206,2024-11-25,Footwear,2.0,2,True,26.0,13.9,-12.1,0.4653846153846154
SKU00206,2024-12-02,Footwear,2.0,2,True,25.0,20.9,-4.100000000000001,0.16400000000000006
SKU00206,2024-12-09,Footwear,2.0,2,False,15.0,7.8,-7.2,0.48000000000000004
SKU00206,2024-12-16,Footwear,2.0,2,False,12.0,7.7,-4.3,0.35833333333333334
SKU00206,2024-12-23,Footwear,2.0,2,False,9.0,8.7,-0.3000000000000007,0.03333333333333341
SKU00207,2024-10-28,Accessories,2.0,2,True,0.0,1.9,1.9,
SKU00207,2024-11-04,Accessories,2.0,2,False,18.0,20.3,2.3000000000000007,0.12777777777777782
SKU00207,2024-11-11,Accessories,2.0,2,False,14.0,24.9,10.899999999999999,0.7785714285714285
SKU00207,2024-11-18,Accessories,2.0,2,False,11.0,14.6,3.5999999999999996,0.3272727272727272
SKU00207,2024-11-25,Accessories,2.0,2,False,20.0,14.1,-5.9,0.29500000000000004
SKU00207,2024-12-02,Accessories,2.0,2,False,17.0,7.2,-9.8,0.5764705882352942
SKU00207,2024-12-09,Accessories,2.0,2,False,16.0,4.7,-11.3,0.70625
SKU00207,2024-12-16,Accessories,2.0,2,False,13.0,13.8,0.8000000000000007,0.06153846153846159
SKU00207,2024-12-23,Accessories,2.0,2,False,9.0,18.3,9.3,1.0333333333333334
SKU00208,2024-10-28,Bottoms,2.0,2,False,0.0,0.2,0.2,
SKU00208,2024-11-04,Bottoms,2.0,2,True,47.0,30.5,-16.5,0.35106382978723405
SKU00208,2024-11-11,Bottoms,2.0,2,True,42.0,30.8,-11.2,0.26666666666666666
SKU00208,2024-11-18,Bottoms,2.0,2,True,0.0,3.5,3.5,
SKU00208,2024-11-25,Bottoms,2.0,2,False,0.0,0.2,0.2,
SKU00208,2024-12-02,Bottoms,2.0,2,False,0.0,0.3,0.3,
SKU00208,2024-12-09,Bottoms,2.0,2,False,0.0,0.9,0.9,
SKU00208,2024-12-16,Bottoms,2.0,2,False,16.0,15.1,-0.9000000000000004,0.05625000000000002
SKU00208,2024-12-23,Bottoms,2.0,2,False,19.0,25.2,6.199999999999999,0.32631578947368417
SKU00209,2024-10-28,Footwear,1.0,2,False,68.0,61.2,-6.799999999999997,0.09999999999999996
SKU00209,2024-11-04,Footwear,1.0,2,False,118.0,47.7,-70.3,0.5957627118644068
SKU00209,2024-11-11,Footwear,1.0,2,False,58.0,58.9,0.8999999999999986,0.01551724137931032
SKU00209,2024-11-18,Footwear,1.0,2,False,68.0,60.7,-7.299999999999997,0.10735294117647054
SKU00209,2024-11-25,Footwear,1.0,2,False,57.0,66.1,9.099999999999994,0.15964912280701746
SKU00209,2024-12-02,Footwear,1.0,2,False,81.0,69.4,-11.599999999999994,0.1432098765432098
SKU00209,2024-12-09,Footwear,1.0,2,False,52.0,71.8,19.799999999999997,0.3807692307692307
SKU00209,2024-12-16,Footwear,1.0,2,False,85.0,62.5,-22.5,0.2647058823529412
SKU00209,2024-12-23,Footwear,1.0,2,False,74.0,66.6,-7.400000000000006,0.10000000000000007
SKU00210,2024-10-28,Bottoms,2.0,2,True,0.0,0.2,0.2,
SKU00210,2024-11-04,Bottoms,2.0,2,False,10.0,13.9,3.9000000000000004,0.39
SKU00210,2024-11-11,Bottoms,2.0,2,False,21.0,25.2,4.199999999999999,0.19999999999999996
SKU00210,2024-11-18,Bottoms,2.0,2,False,24.0,14.0,-10.0,0.4166666666666667
SKU00210,2024-11-25,Bottoms,2.0,2,False,16.0,11.2,-4.800000000000001,0.30000000000000004
SKU00210,2024-12-02,Bottoms,2.0,2,False,23.0,3.1,-19.9,0.8652173913043477
SKU00210,2024-12-09,Bottoms,2.0,2,False,21.0,4.2,-16.8,0.8
SKU00210,2024-12-16,Bottoms,2.0,2,False,26.0,10.8,-15.2,0.5846153846153845
SKU00210,2024-12-23,Bottoms,2.0,2,False,27.0,16.2,-10.8,0.4
SKU00211,2024-10-28,Footwear,3.0,2,False,0.0,3.7,3.7,
SKU00211,2024-11-04,Footwear,3.0,2,False,22.0,14.8,-7.199999999999999,0.3272727272727272
SKU00211,2024-11-11,Footwear,3.0,2,False,24.0,12.8,-11.2,0.4666666666666666
SKU00211,2024-11-18,Footwear,3.0,2,False,21.0,22.1,1.1000000000000014,0.05238095238095245
SKU00211,2024-11-25,Footwear,3.0,2,False,19.0,14.3,-4.699999999999999,0.24736842105263154
SKU00211,2024-12-02,Footwear,3.0,2,False,13.0,4.4,-8.6,0.6615384615384615
SKU00211,2024-12-09,Footwear,3.0,2,False,0.0,12.0,12.0,
SKU00211,2024-12-16,Footwear,3.0,2,False,19.0,11.7,-7.300000000000001,0.3842105263157895
SKU00211,2024-12-23,Footwear,3.0,2,False,21.0,21.7,0.6999999999999993,0.0333333333333333
SKU00212,2024-10-28,Footwear,1.0,2,False,59.0,76.9,17.900000000000006,0.3033898305084747
SKU00212,2024-11-04,Footwear,1.0,2,False,55.0,70.0,15.0,0.2727272727272727
SKU00212,2024-11-11,Footwear,1.0,2,False,55.0,63.3,8.299999999999997,0.15090909090909085
SKU00212,2024-11-18,Footwear,1.0,2,False,81.0,60.7,-20.299999999999997,0.2506172839506173
SKU00212,2024-11-25,Footwear,1.0,2,False,40.0,73.4,33.400000000000006,0.8350000000000002
SKU00212,2024-12-02,Footwear,1.0,2,False,44.0,66.0,22.0,0.5
SKU00212,2024-12-09,Footwear,1.0,2,False,43.0,66.6,23.599999999999994,0.5488372093023255
SKU00212,2024-12-16,Footwear,1.0,2,False,49.0,50.9,1.8999999999999986,0.038775510204081605
SKU00212,2024-12-23,Footwear,1.0,2,False,49.0,58.0,9.0,0.1836734693877551
SKU00213,2024-10-28,Dresses,3.0,2,False,6.0,7.7,1.7000000000000002,0.2833333333333334
SKU00213,2024-11-04,Dresses,3.0,2,False,6.0,6.4,0.40000000000000036,0.06666666666666672
SKU00213,2024-11-11,Dresses,3.0,2,False,5.0,7.1,2.0999999999999996,0.41999999999999993
SKU00213,2024-11-18,Dresses,3.0,2,False,5.0,6.8,1.7999999999999998,0.36
SKU00213,2024-11-25,Dresses,3.0,2,False,6.0,6.6,0.5999999999999996,0.09999999999999994
SKU00213,2024-12-02,Dresses,3.0,2,False,9.0,6.2,-2.8,0.3111111111111111
SKU00213,2024-12-09,Dresses,3.0,2,False,8.0,6.9,-1.0999999999999996,0.13749999999999996
SKU00213,2024-12-16,Dresses,3.0,2,False,4.0,5.7,1.7000000000000002,0.42500000000000004
SKU00213,2024-12-23,Dresses,3.0,2,False,6.0,6.0,0.0,0.0
SKU00214,2024-10-28,Footwear,2.0,1,False,13.0,12.2,-0.8000000000000007,0.06153846153846159
SKU00214,2024-11-04,Footwear,2.0,1,False,12.0,12.4,0.40000000000000036,0.03333333333333336
SKU00214,2024-11-11,Footwear,2.0,1,False,9.0,11.7,2.6999999999999993,0.29999999999999993
SKU00214,2024-11-18,Footwear,2.0,1,False,12.0,12.5,0.5,0.041666666666666664
SKU00214,2024-11-25,Footwear,2.0,1,False,14.0,11.7,-2.3000000000000007,0.16428571428571434
SKU00214,2024-12-02,Footwear,2.0,1,False,14.0,11.7,-2.3000000000000007,0.16428571428571434
SKU00214,2024-12-09,Footwear,2.0,1,False,16.0,12.5,-3.5,0.21875
SKU00214,2024-12-16,Footwear,2.0,1,True,17.0,25.7,8.7,0.5117647058823529
SKU00214,2024-12-23,Footwear,2.0,1,True,34.0,24.1,-9.899999999999999,0.29117647058823526
SKU00215,2024-10-28,Bottoms,1.0,2,False,33.0,27.6,-5.399999999999999,0.16363636363636358
SKU00215,2024-11-04,Bottoms,1.0,2,False,45.0,24.8,-20.2,0.4488888888888889
SKU00215,2024-11-11,Bottoms,1.0,2,False,40.0,27.3,-12.7,0.3175
SKU00215,2024-11-18,Bottoms,1.0,2,False,30.0,25.5,-4.5,0.15
SKU00215,2024-11-25,Bottoms,1.0,2,False,22.0,27.3,5.300000000000001,0.24090909090909093
SKU00215,2024-12-02,Bottoms,1.0,2,False,22.0,30.7,8.7,0.39545454545454545
SKU00215,2024-12-09,Bottoms,1.0,2,False,37.0,32.1,-4.899999999999999,0.13243243243243238
SKU00215,2024-12-16,Bottoms,1.0,2,False,29.0,25.4,-3.6000000000000014,0.12413793103448281
SKU00215,2024-12-23,Bottoms,1.0,2,False,29.0,24.1,-4.899999999999999,0.16896551724137926
SKU00216,2024-10-28,Tops,1.0,2,False,13.0,13.0,0.0,0.0
SKU00216,2024-11-04,Tops,1.0,2,False,11.0,11.7,0.6999999999999993,0.06363636363636357
SKU00216,2024-11-11,Tops,1.0,2,False,7.0,13.5,6.5,0.9285714285714286
SKU00216,2024-11-18,Tops,1.0,2,False,7.0,12.5,5.5,0.7857142857142857
SKU00216,2024-11-25,Tops,1.0,2,False,8.0,10.7,2.6999999999999993,0.3374999999999999
SKU00216,2024-12-02,Tops,1.0,2,False,10.0,10.4,0.40000000000000036,0.040000000000000036
SKU00216,2024-12-09,Tops,1.0,2,False,11.0,10.8,-0.1999999999999993,0.01818181818181812
SKU00216,2024-12-16,Tops,1.0,2,False,10.0,9.6,-0.40000000000000036,0.040000000000000036
SKU00216,2024-12-23,Tops,1.0,2,False,10.0,9.1,-0.9000000000000004,0.09000000000000004
SKU00217,2024-10-28,Tops,1.0,2,False,19.0,30.6,11.600000000000001,0.6105263157894738
SKU00217,2024-11-04,Tops,1.0,2,False,19.0,29.9,10.899999999999999,0.5736842105263157
SKU00217,2024-11-11,Tops,1.0,2,False,37.0,28.7,-8.3,0.22432432432432434
SKU00217,2024-11-18,Tops,1.0,2,False,19.0,31.7,12.7,0.6684210526315789
SKU00217,2024-11-25,Tops,1.0,2,True,32.0,81.7,49.7,1.553125
SKU00217,2024-12-02,Tops,1.0,2,False,16.0,20.5,4.5,0.28125
SKU00217,2024-12-09,Tops,1.0,2,False,13.0,22.1,9.100000000000001,0.7000000000000001
SKU00217,2024-12-16,Tops,1.0,2,False,22.0,22.5,0.5,0.022727272727272728
SKU00217,2024-12-23,Tops,1.0,2,False,21.0,19.3,-1.6999999999999993,0.08095238095238091
SKU00218,2024-10-28,Dresses,1.0,2,False,16.0,16.9,0.8999999999999986,0.05624999999999991
SKU00218,2024-11-04,Dresses,1.0,2,False,18.0,17.8,-0.1999999999999993,0.011111111111111072
SKU00218,2024-11-11,Dresses,1.0,2,False,15.0,15.8,0.8000000000000007,0.05333333333333338
SKU00218,2024-11-18,Dresses,1.0,2,False,15.0,15.1,0.09999999999999964,0.006666666666666643
SKU00218,2024-11-25,Dresses,1.0,2,False,12.0,15.3,3.3000000000000007,0.2750000000000001
SKU00218,2024-12-02,Dresses,1.0,2,False,13.0,12.8,-0.1999999999999993,0.01538461538461533
SKU00218,2024-12-09,Dresses,1.0,2,False,10.0,13.0,3.0,0.3
SKU00218,2024-12-16,Dresses,1.0,2,False,15.0,12.3,-2.6999999999999993,0.17999999999999997
SKU00218,2024-12-23,Dresses,1.0,2,False,11.0,10.7,-0.3000000000000007,0.027272727272727337
SKU00219,2024-10-28,Accessories,1.0,2,False,27.0,33.3,6.299999999999997,0.23333333333333323
SKU00219,2024-11-04,Accessories,1.0,2,False,25.0,31.4,6.399999999999999,0.25599999999999995
SKU00219,2024-11-11,Accessories,1.0,2,False,38.0,38.2,0.20000000000000284,0.005263157894736917
SKU00219,2024-11-18,Accessories,1.0,2,False,21.0,33.6,12.600000000000001,0.6000000000000001
SKU00219,2024-11-25,Accessories,1.0,2,False,24.0,33.0,9.0,0.375
SKU00219,2024-12-02,Accessories,1.0,2,False,21.0,29.6,8.600000000000001,0.40952380952380957
SKU00219,2024-12-09,Accessories,1.0,2,False,25.0,34.8,9.799999999999997,0.3919999999999999
SKU00219,2024-12-16,Accessories,1.0,2,True,87.0,87.6,0.5999999999999943,0.006896551724137866
SKU00219,2024-12-23,Accessories,1.0,2,True,51.0,46.0,-5.0,0.09803921568627451
SKU00220,2024-10-28,Tops,3.0,3,False,19.0,16.0,-3.0,0.15789473684210525
SKU00220,2024-11-04,Tops,3.0,3,False,22.0,15.1,-6.9,0.31363636363636366
SKU00220,2024-11-11,Tops,3.0,3,False,15.0,14.9,-0.09999999999999964,0.006666666666666643
SKU00220,2024-11-18,Tops,3.0,3,False,9.0,16.6,7.600000000000001,0.8444444444444446
SKU00220,2024-11-25,Tops,3.0,3,False,17.0,14.4,-2.5999999999999996,0.15294117647058822
SKU00220,2024-12-02,Tops,3.0,3,False,16.0,13.2,-2.8000000000000007,0.17500000000000004
SKU00220,2024-12-09,Tops,3.0,3,False,16.0,13.1,-2.9000000000000004,0.18125000000000002
SKU00220,2024-12-16,Tops,3.0,3,False,13.0,12.4,-0.5999999999999996,0.04615384615384613
SKU00220,2024-12-23,Tops,3.0,3,False,14.0,12.6,-1.4000000000000004,0.10000000000000002
SKU00221,2024-10-28,Dresses,3.0,2,False,6.0,2.9,-3.1,0.5166666666666667
SKU00221,2024-11-04,Dresses,3.0,2,False,13.0,2.2,-10.8,0.8307692307692308
SKU00221,2024-11-11,Dresses,3.0,2,False,8.0,6.3,-1.7000000000000002,0.21250000000000002
SKU00221,2024-11-18,Dresses,3.0,2,False,8.0,6.5,-1.5,0.1875
SKU00221,2024-11-25,Dresses,3.0,2,False,8.0,9.1,1.0999999999999996,0.13749999999999996
SKU00221,2024-12-02,Dresses,3.0,2,False,6.0,6.4,0.40000000000000036,0.06666666666666672
SKU00221,2024-12-09,Dresses,3.0,2,False,5.0,7.5,2.5,0.5
SKU00221,2024-12-16,Dresses,3.0,2,False,9.0,5.1,-3.9000000000000004,0.43333333333333335
SKU00221,2024-12-23,Dresses,3.0,2,True,14.0,10.4,-3.5999999999999996,0.2571428571428571
SKU00222,2024-10-28,Footwear,1.0,2,False,65.0,86.5,21.5,0.33076923076923076
SKU00222,2024-11-04,Footwear,1.0,2,False,81.0,88.1,7.099999999999994,0.08765432098765424
SKU00222,2024-11-11,Footwear,1.0,2,False,99.0,87.7,-11.299999999999997,0.11414141414141411
SKU00222,2024-11-18,Footwear,1.0,2,False,100.0,82.9,-17.099999999999994,0.17099999999999993
SKU00222,2024-11-25,Footwear,1.0,2,False,132.0,76.6,-55.400000000000006,0.41969696969696973
SKU00222,2024-12-02,Footwear,1.0,2,False,71.0,84.9,13.900000000000006,0.19577464788732402
SKU00222,2024-12-09,Footwear,1.0,2,False,92.0,84.6,-7.400000000000006,0.08043478260869572
SKU00222,2024-12-16,Footwear,1.0,2,False,65.0,84.5,19.5,0.3
SKU00222,2024-12-23,Footwear,1.0,2,False,63.0,80.6,17.599999999999994,0.27936507936507926
SKU00223,2024-10-28,Bottoms,1.0,2,False,17.0,24.9,7.899999999999999,0.4647058823529411
SKU00223,2024-11-04,Bottoms,1.0,2,False,19.0,23.5,4.5,0.23684210526315788
SKU00223,2024-11-11,Bottoms,1.0,2,False,17.0,23.2,6.199999999999999,0.36470588235294116
SKU00223,2024-11-18,Bottoms,1.0,2,False,17.0,22.5,5.5,0.3235294117647059
SKU00223,2024-11-25,Bottoms,1.0,2,False,15.0,23.8,8.8,0.5866666666666667
SKU00223,2024-12-02,Bottoms,1.0,2,False,17.0,23.8,6.800000000000001,0.4
SKU00223,2024-12-09,Bottoms,1.0,2,False,18.0,24.8,6.800000000000001,0.3777777777777778
SKU00223,2024-12-16,Bottoms,1.0,2,False,19.0,25.1,6.100000000000001,0.3210526315789474
SKU00223,2024-12-23,Bottoms,1.0,2,False,13.0,23.8,10.8,0.8307692307692308
SKU00224,2024-10-28,Footwear,1.0,2,False,23.0,26.4,3.3999999999999986,0.1478260869565217
SKU00224,2024-11-04,Footwear,1.0,2,False,23.0,24.5,1.5,0.06521739130434782
SKU00224,2024-11-11,Footwear,1.0,2,False,31.0,26.8,-4.199999999999999,0.13548387096774192
SKU00224,2024-11-18,Footwear,1.0,2,False,26.0,24.8,-1.1999999999999993,0.04615384615384613
SKU00224,2024-11-25,Footwear,1.0,2,False,37.0,27.0,-10.0,0.2702702702702703
SKU00224,2024-12-02,Footwear,1.0,2,False,26.0,28.9,2.8999999999999986,0.11153846153846149
SKU00224,2024-12-09,Footwear,1.0,2,False,28.0,24.8,-3.1999999999999993,0.11428571428571425
SKU00224,2024-12-16,Footwear,1.0,2,False,23.0,24.8,1.8000000000000007,0.07826086956521743
SKU00224,2024-12-23,Footwear,1.0,2,False,20.0,24.2,4.199999999999999,0.20999999999999996
SKU00225,2024-10-28,Bottoms,3.0,2,False,15.0,12.5,-2.5,0.16666666666666666
SKU00225,2024-11-04,Bottoms,3.0,2,False,11.0,14.3,3.3000000000000007,0.30000000000000004
SKU00225,2024-11-11,Bottoms,3.0,2,False,12.0,13.8,1.8000000000000007,0.15000000000000005
SKU00225,2024-11-18,Bottoms,3.0,2,True,52.0,39.9,-12.100000000000001,0.23269230769230773
SKU00225,2024-11-25,Bottoms,3.0,2,True,24.0,21.3,-2.6999999999999993,0.11249999999999998
SKU00225,2024-12-02,Bottoms,3.0,2,False,20.0,11.7,-8.3,0.41500000000000004
SKU00225,2024-12-09,Bottoms,3.0,2,False,16.0,11.6,-4.4,0.275
SKU00225,2024-12-16,Bottoms,3.0,2,False,20.0,10.8,-9.2,0.45999999999999996
SKU00225,2024-12-23,Bottoms,3.0,2,False,14.0,11.6,-2.4000000000000004,0.17142857142857146
SKU00226,2024-10-28,Footwear,3.0,3,False,121.0,38.3,-82.7,0.6834710743801653
SKU00226,2024-11-04,Footwear,3.0,3,False,0.0,44.4,44.4,
SKU00226,2024-11-11,Footwear,3.0,3,False,0.0,27.4,27.4,
SKU00226,2024-11-18,Footwear,3.0,3,False,0.0,28.8,28.8,
SKU00226,2024-11-25,Footwear,3.0,3,False,120.0,31.9,-88.1,0.7341666666666666
SKU00226,2024-12-02,Footwear,3.0,3,False,105.0,42.1,-62.9,0.599047619047619
SKU00226,2024-12-09,Footwear,3.0,3,False,95.0,60.5,-34.5,0.3631578947368421
SKU00226,2024-12-16,Footwear,3.0,3,False,156.0,58.6,-97.4,0.6243589743589744
SKU00226,2024-12-23,Footwear,3.0,3,False,110.0,4.1,-105.9,0.9627272727272728
SKU00227,2024-10-28,Outerwear,1.0,2,False,34.0,24.6,-9.399999999999999,0.2764705882352941
SKU00227,2024-11-04,Outerwear,1.0,2,False,23.0,33.5,10.5,0.45652173913043476
SKU00227,2024-11-11,Outerwear,1.0,2,False,42.0,29.9,-12.100000000000001,0.2880952380952381
SKU00227,2024-11-18,Outerwear,1.0,2,False,34.0,34.6,0.6000000000000014,0.017647058823529453
SKU00227,2024-11-25,Outerwear,1.0,2,False,32.0,30.2,-1.8000000000000007,0.05625000000000002
SKU00227,2024-12-02,Outerwear,1.0,2,True,45.0,60.1,15.100000000000001,0.3355555555555556
SKU00227,2024-12-09,Outerwear,1.0,2,False,36.0,27.2,-8.8,0.24444444444444446
SKU00227,2024-12-16,Outerwear,1.0,2,False,34.0,30.2,-3.8000000000000007,0.11176470588235296
SKU00227,2024-12-23,Outerwear,1.0,2,False,24.0,34.0,10.0,0.4166666666666667
SKU00228,2024-10-28,Outerwear,3.0,2,False,7.0,8.5,1.5,0.21428571428571427
SKU00228,2024-11-04,Outerwear,3.0,2,False,10.0,7.6,-2.4000000000000004,0.24000000000000005
SKU00228,2024-11-11,Outerwear,3.0,2,False,8.0,7.2,-0.7999999999999998,0.09999999999999998
SKU00228,2024-11-18,Outerwear,3.0,2,False,7.0,6.0,-1.0,0.14285714285714285
SKU00228,2024-11-25,Outerwear,3.0,2,False,8.0,7.4,-0.5999999999999996,0.07499999999999996
SKU00228,2024-12-02,Outerwear,3.0,2,False,5.0,9.1,4.1,0.82
SKU00228,2024-12-09,Outerwear,3.0,2,False,8.0,8.7,0.6999999999999993,0.08749999999999991
SKU00228,2024-12-16,Outerwear,3.0,2,False,5.0,7.2,2.2,0.44000000000000006
SKU00228,2024-12-23,Outerwear,3.0,2,False,8.0,7.1,-0.9000000000000004,0.11250000000000004
SKU00229,2024-10-28,Bottoms,2.0,2,True,0.0,4.8,4.8,
SKU00229,2024-11-04,Bottoms,2.0,2,True,43.0,20.7,-22.3,0.5186046511627908
SKU00229,2024-11-11,Bottoms,2.0,2,True,55.0,25.9,-29.1,0.5290909090909092
SKU00229,2024-11-18,Bottoms,2.0,2,True,4.0,7.2,3.2,0.8
SKU00229,2024-11-25,Bottoms,2.0,2,True,0.0,9.6,9.6,
SKU00229,2024-12-02,Bottoms,2.0,2,False,0.0,1.4,1.4,
SKU00229,2024-12-09,Bottoms,2.0,2,False,0.0,0.9,0.9,
SKU00229,2024-12-16,Bottoms,2.0,2,False,30.0,6.1,-23.9,0.7966666666666666
SKU00229,2024-12-23,Bottoms,2.0,2,False,28.0,9.6,-18.4,0.6571428571428571
SKU00230,2024-10-28,Dresses,1.0,2,False,20.0,13.9,-6.1,0.305
SKU00230,2024-11-04,Dresses,1.0,2,False,8.0,13.2,5.199999999999999,0.6499999999999999
SKU00230,2024-11-11,Dresses,1.0,2,False,11.0,16.9,5.899999999999999,0.5363636363636363
SKU00230,2024-11-18,Dresses,1.0,2,False,16.0,14.5,-1.5,0.09375
SKU00230,2024-11-25,Dresses,1.0,2,False,18.0,15.7,-2.3000000000000007,0.12777777777777782
SKU00230,2024-12-02,Dresses,1.0,2,False,12.0,11.7,-0.3000000000000007,0.02500000000000006
SKU00230,2024-12-09,Dresses,1.0,2,False,16.0,11.6,-4.4,0.275
SKU00230,2024-12-16,Dresses,1.0,2,False,11.0,10.0,-1.0,0.09090909090909091
SKU00230,2024-12-23,Dresses,1.0,2,False,11.0,12.2,1.1999999999999993,0.10909090909090903
SKU00231,2024-10-28,Accessories,3.0,3,False,39.0,31.8,-7.199999999999999,0.1846153846153846
SKU00231,2024-11-04,Accessories,3.0,3,False,39.0,34.2,-4.799999999999997,0.123076923076923
SKU00231,2024-11-11,Accessories,3.0,3,False,48.0,35.5,-12.5,0.2604166666666667
SKU00231,2024-11-18,Accessories,3.0,3,False,62.0,36.5,-25.5,0.4112903225806452
SKU00231,2024-11-25,Accessories,3.0,3,False,32.0,34.5,2.5,0.078125
SKU00231,2024-12-02,Accessories,3.0,3,False,31.0,33.8,2.799999999999997,0.0903225806451612
SKU00231,2024-12-09,Accessories,3.0,3,False,35.0,32.5,-2.5,0.07142857142857142
SKU00231,2024-12-16,Accessories,3.0,3,False,57.0,30.9,-26.1,0.4578947368421053
SKU00231,2024-12-23,Accessories,3.0,3,False,34.0,30.3,-3.6999999999999993,0.10882352941176468
SKU00232,2024-10-28,Tops,2.0,2,False,9.0,8.9,-0.09999999999999964,0.011111111111111072
SKU00232,2024-11-04,Tops,2.0,2,False,9.0,10.1,1.0999999999999996,0.12222222222222218
SKU00232,2024-11-11,Tops,2.0,2,False,9.0,8.5,-0.5,0.05555555555555555
SKU00232,2024-11-18,Tops,2.0,2,False,7.0,8.4,1.4000000000000004,0.20000000000000004
SKU00232,2024-11-25,Tops,2.0,2,False,7.0,8.1,1.0999999999999996,0.15714285714285708
SKU00232,2024-12-02,Tops,2.0,2,False,12.0,7.8,-4.2,0.35000000000000003
SKU00232,2024-12-09,Tops,2.0,2,False,6.0,7.4,1.4000000000000004,0.2333333333333334
SKU00232,2024-12-16,Tops,2.0,2,False,4.0,9.5,5.5,1.375
SKU00232,2024-12-23,Tops,2.0,2,False,6.0,8.2,2.1999999999999993,0.36666666666666653
SKU00233,2024-10-28,Footwear,1.0,2,False,22.0,35.5,13.5,0.6136363636363636
SKU00233,2024-11-04,Footwear,1.0,2,False,33.0,32.9,-0.10000000000000142,0.0030303030303030732
SKU00233,2024-11-11,Footwear,1.0,2,False,38.0,26.2,-11.8,0.3105263157894737
SKU00233,2024-11-18,Footwear,1.0,2,False,15.0,32.1,17.1,1.1400000000000001
SKU00233,2024-11-25,Footwear,1.0,2,False,31.0,33.0,2.0,0.06451612903225806
SKU00233,2024-12-02,Footwear,1.0,2,False,18.0,35.2,17.200000000000003,0.9555555555555557
SKU00233,2024-12-09,Footwear,1.0,2,False,31.0,33.3,2.299999999999997,0.07419354838709669
SKU00233,2024-12-16,Footwear,1.0,2,False,40.0,38.5,-1.5,0.0375
SKU00233,2024-12-23,Footwear,1.0,2,False,20.0,30.4,10.399999999999999,0.5199999999999999
SKU00234,2024-10-28,Dresses,1.0,2,True,31.0,34.6,3.6000000000000014,0.11612903225806456
SKU00234,2024-11-04,Dresses,1.0,2,True,24.0,27.2,3.1999999999999993,0.1333333333333333
SKU00234,2024-11-11,Dresses,1.0,2,False,8.0,14.7,6.699999999999999,0.8374999999999999
SKU00234,2024-11-18,Dresses,1.0,2,False,10.0,12.2,2.1999999999999993,0.21999999999999992
SKU00234,2024-11-25,Dresses,1.0,2,False,12.0,9.7,-2.3000000000000007,0.19166666666666674
SKU00234,2024-12-02,Dresses,1.0,2,False,14.0,10.1,-3.9000000000000004,0.2785714285714286
SKU00234,2024-12-09,Dresses,1.0,2,False,9.0,10.9,1.9000000000000004,0.21111111111111114
SKU00234,2024-12-16,Dresses,1.0,2,False,8.0,10.0,2.0,0.25
SKU00234,2024-12-23,Dresses,1.0,2,True,32.0,37.3,5.299999999999997,0.1656249999999999
SKU00235,2024-10-28,Footwear,1.0,1,False,27.0,21.0,-6.0,0.2222222222222222
SKU00235,2024-11-04,Footwear,1.0,1,False,20.0,24.4,4.399999999999999,0.21999999999999992
SKU00235,2024-11-11,Footwear,1.0,1,False,17.0,24.3,7.300000000000001,0.4294117647058824
SKU00235,2024-11-18,Footwear,1.0,1,True,47.0,56.0,9.0,0.19148936170212766
SKU00235,2024-11-25,Footwear,1.0,1,False,14.0,26.2,12.2,0.8714285714285713
SKU00235,2024-12-02,Footwear,1.0,1,False,25.0,19.6,-5.399999999999999,0.21599999999999994
SKU00235,2024-12-09,Footwear,1.0,1,False,24.0,23.0,-1.0,0.041666666666666664
SKU00235,2024-12-16,Footwear,1.0,1,False,21.0,21.5,0.5,0.023809523809523808
SKU00235,2024-12-23,Footwear,1.0,1,False,25.0,21.6,-3.3999999999999986,0.13599999999999995
SKU00236,2024-10-28,Outerwear,1.0,2,False,30.0,28.4,-1.6000000000000014,0.05333333333333338
SKU00236,2024-11-04,Outerwear,1.0,2,False,21.0,35.9,14.899999999999999,0.7095238095238094
SKU00236,2024-11-11,Outerwear,1.0,2,False,32.0,37.8,5.799999999999997,0.1812499999999999
SKU00236,2024-11-18,Outerwear,1.0,2,False,31.0,44.1,13.100000000000001,0.42258064516129035
SKU00236,2024-11-25,Outerwear,1.0,2,False,22.0,37.4,15.399999999999999,0.7
SKU00236,2024-12-02,Outerwear,1.0,2,False,42.0,40.9,-1.1000000000000014,0.026190476190476226
SKU00236,2024-12-09,Outerwear,1.0,2,False,39.0,46.8,7.799999999999997,0.19999999999999993
SKU00236,2024-12-16,Outerwear,1.0,2,False,44.0,37.6,-6.399999999999999,0.14545454545454542
SKU00236,2024-12-23,Outerwear,1.0,2,False,41.0,35.2,-5.799999999999997,0.14146341463414627
SKU00237,2024-10-28,Dresses,1.0,3,False,0.0,13.4,13.4,
SKU00237,2024-11-04,Dresses,1.0,3,False,33.0,22.1,-10.899999999999999,0.33030303030303027
SKU00237,2024-11-11,Dresses,1.0,3,False,14.0,28.3,14.3,1.0214285714285716
SKU00237,2024-11-18,Dresses,1.0,3,False,36.0,26.0,-10.0,0.2777777777777778
SKU00237,2024-11-25,Dresses,1.0,3,False,18.0,21.2,3.1999999999999993,0.17777777777777773
SKU00237,2024-12-02,Dresses,1.0,3,False,18.0,19.3,1.3000000000000007,0.07222222222222226
SKU00237,2024-12-09,Dresses,1.0,3,False,15.0,21.4,6.399999999999999,0.4266666666666666
SKU00237,2024-12-16,Dresses,1.0,3,False,14.0,18.4,4.399999999999999,0.31428571428571417
SKU00237,2024-12-23,Dresses,1.0,3,False,14.0,23.4,9.399999999999999,0.6714285714285714
SKU00238,2024-10-28,Bottoms,3.0,2,False,4.0,2.2,-1.7999999999999998,0.44999999999999996
SKU00238,2024-11-04,Bottoms,3.0,2,False,3.0,4.5,1.5,0.5
SKU00238,2024-11-11,Bottoms,3.0,2,False,4.0,3.1,-0.8999999999999999,0.22499999999999998
SKU00238,2024-11-18,Bottoms,3.0,2,False,6.0,2.6,-3.4,0.5666666666666667
SKU00238,2024-11-25,Bottoms,3.0,2,False,3.0,2.5,-0.5,0.16666666666666666
SKU00238,2024-12-02,Bottoms,3.0,2,False,4.0,3.5,-0.5,0.125
SKU00238,2024-12-09,Bottoms,3.0,2,False,3.0,3.7,0.7000000000000002,0.2333333333333334
SKU00238,2024-12-16,Bottoms,3.0,2,False,6.0,3.7,-2.3,0.3833333333333333
SKU00238,2024-12-23,Bottoms,3.0,2,False,1.0,3.7,2.7,2.7
SKU00239,2024-10-28,Outerwear,1.0,2,True,104.0,72.1,-31.900000000000006,0.3067307692307693
SKU00239,2024-11-04,Outerwear,1.0,2,True,52.0,63.8,11.799999999999997,0.22692307692307687
SKU00239,2024-11-11,Outerwear,1.0,2,False,26.0,45.7,19.700000000000003,0.7576923076923078
SKU00239,2024-11-18,Outerwear,1.0,2,False,21.0,36.9,15.899999999999999,0.7571428571428571
SKU00239,2024-11-25,Outerwear,1.0,2,False,39.0,40.7,1.7000000000000028,0.043589743589743664
SKU00239,2024-12-02,Outerwear,1.0,2,False,37.0,34.3,-2.700000000000003,0.07297297297297305
SKU00239,2024-12-09,Outerwear,1.0,2,False,43.0,31.5,-11.5,0.26744186046511625
SKU00239,2024-12-16,Outerwear,1.0,2,False,37.0,36.2,-0.7999999999999972,0.021621621621621546
SKU00239,2024-12-23,Outerwear,1.0,2,False,33.0,36.0,3.0,0.09090909090909091
SKU00240,2024-10-28,Tops,2.0,2,True,30.0,16.0,-14.0,0.4666666666666667
SKU00240,2024-11-04,Tops,2.0,2,True,36.0,21.7,-14.3,0.39722222222222225
SKU00240,2024-11-11,Tops,2.0,2,True,13.0,15.8,2.8000000000000007,0.21538461538461545
SKU00240,2024-11-18,Tops,2.0,2,False,10.0,10.3,0.3000000000000007,0.030000000000000072
SKU00240,2024-11-25,Tops,2.0,2,False,9.0,9.3,0.3000000000000007,0.03333333333333341
SKU00240,2024-12-02,Tops,2.0,2,True,18.0,19.8,1.8000000000000007,0.10000000000000003
SKU00240,2024-12-09,Tops,2.0,2,False,8.0,9.9,1.9000000000000004,0.23750000000000004
SKU00240,2024-12-16,Tops,2.0,2,False,7.0,8.2,1.1999999999999993,0.17142857142857132
SKU00240,2024-12-23,Tops,2.0,2,False,9.0,10.0,1.0,0.1111111111111111
SKU00241,2024-10-28,Outerwear,2.0,2,False,14.0,21.1,7.100000000000001,0.5071428571428572
SKU00241,2024-11-04,Outerwear,2.0,2,False,22.0,19.8,-2.1999999999999993,0.09999999999999996
SKU00241,2024-11-11,Outerwear,2.0,2,False,21.0,21.6,0.6000000000000014,0.02857142857142864
SKU00241,2024-11-18,Outerwear,2.0,2,False,22.0,23.4,1.3999999999999986,0.06363636363636357
SKU00241,2024-11-25,Outerwear,2.0,2,False,23.0,22.8,-0.1999999999999993,0.008695652173913012
SKU00241,2024-12-02,Outerwear,2.0,2,False,17.0,22.6,5.600000000000001,0.32941176470588246
SKU00241,2024-12-09,Outerwear,2.0,2,False,20.0,26.6,6.600000000000001,0.33000000000000007
SKU00241,2024-12-16,Outerwear,2.0,2,True,57.0,39.1,-17.9,0.3140350877192982
SKU00241,2024-12-23,Outerwear,2.0,2,True,43.0,36.8,-6.200000000000003,0.14418604651162797
SKU00242,2024-10-28,Tops,1.0,2,False,29.0,40.3,11.299999999999997,0.389655172413793
SKU00242,2024-11-04,Tops,1.0,2,False,20.0,41.5,21.5,1.075
SKU00242,2024-11-11,Tops,1.0,2,False,30.0,40.4,10.399999999999999,0.3466666666666666
SKU00242,2024-11-18,Tops,1.0,2,False,35.0,35.6,0.6000000000000014,0.017142857142857182
SKU00242,2024-11-25,Tops,1.0,2,False,40.0,35.2,-4.799999999999997,0.11999999999999993
SKU00242,2024-12-02,Tops,1.0,2,False,35.0,35.4,0.3999999999999986,0.011428571428571389
SKU00242,2024-12-09,Tops,1.0,2,True,77.0,73.8,-3.200000000000003,0.04155844155844159
SKU00242,2024-12-16,Tops,1.0,2,False,29.0,27.4,-1.6000000000000014,0.055172413793103496
SKU00242,2024-12-23,Tops,1.0,2,False,22.0,26.0,4.0,0.18181818181818182
SKU00243,2024-10-28,Outerwear,1.0,2,True,81.0,84.0,3.0,0.037037037037037035
SKU00243,2024-11-04,Outerwear,1.0,2,True,147.0,72.7,-74.3,0.5054421768707483
SKU00243,2024-11-11,Outerwear,1.0,2,False,74.0,56.6,-17.4,0.23513513513513512
SKU00243,2024-11-18,Outerwear,1.0,2,False,46.0,58.6,12.600000000000001,0.2739130434782609
SKU00243,2024-11-25,Outerwear,1.0,2,False,49.0,54.9,5.899999999999999,0.1204081632653061
SKU00243,2024-12-02,Outerwear,1.0,2,False,52.0,56.3,4.299999999999997,0.08269230769230763
SKU00243,2024-12-09,Outerwear,1.0,2,False,44.0,56.0,12.0,0.2727272727272727
SKU00243,2024-12-16,Outerwear,1.0,2,False,77.0,56.7,-20.299999999999997,0.2636363636363636
SKU00243,2024-12-23,Outerwear,1.0,2,False,76.0,54.6,-21.4,0.28157894736842104
SKU00244,2024-10-28,Outerwear,2.0,2,False,14.0,8.0,-6.0,0.42857142857142855
SKU00244,2024-11-04,Outerwear,2.0,2,False,15.0,15.8,0.8000000000000007,0.05333333333333338
SKU00244,2024-11-11,Outerwear,2.0,2,False,12.0,12.8,0.8000000000000007,0.06666666666666672
SKU00244,2024-11-18,Outerwear,2.0,2,False,17.0,9.5,-7.5,0.4411764705882353
SKU00244,2024-11-25,Outerwear,2.0,2,False,10.0,6.4,-3.5999999999999996,0.36
SKU00244,2024-12-02,Outerwear,2.0,2,False,15.0,17.4,2.3999999999999986,0.1599999999999999
SKU00244,2024-12-09,Outerwear,2.0,2,False,17.0,15.6,-1.4000000000000004,0.08235294117647061
SKU00244,2024-12-16,Outerwear,2.0,2,False,18.0,12.7,-5.300000000000001,0.2944444444444445
SKU00244,2024-12-23,Outerwear,2.0,2,False,8.0,8.8,0.8000000000000007,0.10000000000000009
SKU00245,2024-10-28,Tops,1.0,2,False,39.0,12.4,-26.6,0.6820512820512821
SKU00245,2024-11-04,Tops,1.0,2,False,17.0,10.5,-6.5,0.38235294117647056
SKU00245,2024-11-11,Tops,1.0,2,False,23.0,15.9,-7.1,0.30869565217391304
SKU00245,2024-11-18,Tops,1.0,2,False,11.0,20.4,9.399999999999999,0.8545454545454544
SKU00245,2024-11-25,Tops,1.0,2,False,22.0,16.4,-5.600000000000001,0.25454545454545463
SKU00245,2024-12-02,Tops,1.0,2,False,18.0,11.9,-6.1,0.33888888888888885
SKU00245,2024-12-09,Tops,1.0,2,False,13.0,5.0,-8.0,0.6153846153846154
SKU00245,2024-12-16,Tops,1.0,2,False,19.0,11.7,-7.300000000000001,0.3842105263157895
SKU00245,2024-12-23,Tops,1.0,2,False,23.0,9.8,-13.2,0.5739130434782609
SKU00246,2024-10-28,Footwear,1.0,2,False,0.0,5.9,5.9,
SKU00246,2024-11-04,Footwear,1.0,2,False,40.0,27.9,-12.100000000000001,0.30250000000000005
SKU00246,2024-11-11,Footwear,1.0,2,False,63.0,43.2,-19.799999999999997,0.3142857142857142
SKU00246,2024-11-18,Footwear,1.0,2,False,53.0,50.3,-2.700000000000003,0.050943396226415145
SKU00246,2024-11-25,Footwear,1.0,2,False,37.0,37.1,0.10000000000000142,0.002702702702702741
SKU00246,2024-12-02,Footwear,1.0,2,False,46.0,13.8,-32.2,0.7000000000000001
SKU00246,2024-12-09,Footwear,1.0,2,False,39.0,7.5,-31.5,0.8076923076923077
SKU00246,2024-12-16,Footwear,1.0,2,False,90.0,53.6,-36.4,0.40444444444444444
SKU00246,2024-12-23,Footwear,1.0,2,False,66.0,48.3,-17.700000000000003,0.26818181818181824
SKU00247,2024-10-28,Dresses,1.0,2,False,0.0,4.7,4.7,
SKU00247,2024-11-04,Dresses,1.0,2,False,17.0,21.6,4.600000000000001,0.27058823529411774
SKU00247,2024-11-11,Dresses,1.0,2,False,12.0,13.5,1.5,0.125
SKU00247,2024-11-18,Dresses,1.0,2,False,13.0,18.5,5.5,0.4230769230769231
SKU00247,2024-11-25,Dresses,1.0,2,False,11.0,10.3,-0.6999999999999993,0.06363636363636357
SKU00247,2024-12-02,Dresses,1.0,2,False,14.0,4.6,-9.4,0.6714285714285715
SKU00247,2024-12-09,Dresses,1.0,2,False,16.0,12.3,-3.6999999999999993,0.23124999999999996
SKU00247,2024-12-16,Dresses,1.0,2,False,14.0,20.6,6.600000000000001,0.47142857142857153
SKU00247,2024-12-23,Dresses,1.0,2,False,29.0,27.1,-1.8999999999999986,0.0655172413793103
SKU00248,2024-10-28,Footwear,1.0,2,False,45.0,46.3,1.2999999999999972,0.028888888888888825
SKU00248,2024-11-04,Footwear,1.0,2,False,37.0,46.5,9.5,0.25675675675675674
SKU00248,2024-11-11,Footwear,1.0,2,False,51.0,39.3,-11.700000000000003,0.2294117647058824
SKU00248,2024-11-18,Footwear,1.0,2,False,53.0,35.0,-18.0,0.33962264150943394
SKU00248,2024-11-25,Footwear,1.0,2,False,38.0,32.0,-6.0,0.15789473684210525
SKU00248,2024-12-02,Footwear,1.0,2,False,47.0,35.6,-11.399999999999999,0.24255319148936166
SKU00248,2024-12-09,Footwear,1.0,2,False,47.0,39.7,-7.299999999999997,0.15531914893617016
SKU00248,2024-12-16,Footwear,1.0,2,False,58.0,42.1,-15.899999999999999,0.27413793103448275
SKU00248,2024-12-23,Footwear,1.0,2,False,42.0,32.3,-9.700000000000003,0.23095238095238102
SKU00249,2024-10-28,Tops,3.0,2,False,0.0,0.8,0.8,
SKU00249,2024-11-04,Tops,3.0,2,False,0.0,1.3,1.3,
SKU00249,2024-11-11,Tops,3.0,2,False,0.0,0.3,0.3,
SKU00249,2024-11-18,Tops,3.0,2,False,2.0,2.4,0.3999999999999999,0.19999999999999996
SKU00249,2024-11-25,Tops,3.0,2,False,3.0,7.2,4.2,1.4000000000000001
SKU00249,2024-12-02,Tops,3.0,2,False,2.0,4.3,2.3,1.15
SKU00249,2024-12-09,Tops,3.0,2,False,2.0,6.6,4.6,2.3
SKU00249,2024-12-16,Tops,3.0,2,False,2.0,4.8,2.8,1.4
SKU00249,2024-12-23,Tops,3.0,2,False,3.0,1.8,-1.2,0.39999999999999997
SKU00250,2024-10-28,Bottoms,1.0,2,False,35.0,11.1,-23.9,0.6828571428571428
SKU00250,2024-11-04,Bottoms,1.0,2,False,27.0,29.6,2.6000000000000014,0.09629629629629635
SKU00250,2024-11-11,Bottoms,1.0,2,False,30.0,22.9,-7.100000000000001,0.23666666666666672
SKU00250,2024-11-18,Bottoms,1.0,2,False,37.0,35.4,-1.6000000000000014,0.04324324324324328
SKU00250,2024-11-25,Bottoms,1.0,2,False,19.0,28.9,9.899999999999999,0.5210526315789473
SKU00250,2024-12-02,Bottoms,1.0,2,True,0.0,6.9,6.9,
SKU00250,2024-12-09,Bottoms,1.0,2,False,0.0,1.3,1.3,
SKU00250,2024-12-16,Bottoms,1.0,2,False,32.0,8.9,-23.1,0.721875
SKU00250,2024-12-23,Bottoms,1.0,2,False,29.0,22.6,-6.399999999999999,0.22068965517241373
SKU00251,2024-10-28,Dresses,1.0,2,False,23.0,20.3,-2.6999999999999993,0.11739130434782606
SKU00251,2024-11-04,Dresses,1.0,2,False,21.0,17.1,-3.8999999999999986,0.18571428571428564
SKU00251,2024-11-11,Dresses,1.0,2,False,9.0,19.6,10.600000000000001,1.177777777777778
SKU00251,2024-11-18,Dresses,1.0,2,False,12.0,16.7,4.699999999999999,0.3916666666666666
SKU00251,2024-11-25,Dresses,1.0,2,False,11.0,13.0,2.0,0.18181818181818182
SKU00251,2024-12-02,Dresses,1.0,2,False,14.0,12.9,-1.0999999999999996,0.07857142857142854
SKU00251,2024-12-09,Dresses,1.0,2,False,19.0,13.3,-5.699999999999999,0.3
SKU00251,2024-12-16,Dresses,1.0,2,False,14.0,14.6,0.5999999999999996,0.04285714285714283
SKU00251,2024-12-23,Dresses,1.0,2,False,14.0,15.8,1.8000000000000007,0.12857142857142861
SKU00252,2024-10-28,Bottoms,1.0,2,True,103.0,77.1,-25.900000000000006,0.2514563106796117
SKU00252,2024-11-04,Bottoms,1.0,2,False,18.0,21.9,3.8999999999999986,0.2166666666666666
SKU00252,2024-11-11,Bottoms,1.0,2,True,61.0,82.7,21.700000000000003,0.35573770491803286
SKU00252,2024-11-18,Bottoms,1.0,2,True,28.0,49.9,21.9,0.7821428571428571
SKU00252,2024-11-25,Bottoms,1.0,2,True,59.0,52.8,-6.200000000000003,0.10508474576271191
SKU00252,2024-12-02,Bottoms,1.0,2,False,12.0,24.3,12.3,1.0250000000000001
SKU00252,2024-12-09,Bottoms,1.0,2,False,22.0,19.4,-2.6000000000000014,0.11818181818181825
SKU00252,2024-12-16,Bottoms,1.0,2,False,30.0,21.6,-8.399999999999999,0.27999999999999997
SKU00252,2024-12-23,Bottoms,1.0,2,False,20.0,27.5,7.5,0.375
SKU00253,2024-10-28,Bottoms,2.0,2,True,0.0,0.6,0.6,
SKU00253,2024-11-04,Bottoms,2.0,2,True,41.0,8.9,-32.1,0.7829268292682927
SKU00253,2024-11-11,Bottoms,2.0,2,True,22.0,12.2,-9.8,0.4454545454545455
SKU00253,2024-11-18,Bottoms,2.0,2,False,0.0,0.9,0.9,
SKU00253,2024-11-25,Bottoms,2.0,2,False,0.0,1.5,1.5,
SKU00253,2024-12-02,Bottoms,2.0,2,False,0.0,2.0,2.0,
SKU00253,2024-12-09,Bottoms,2.0,2,False,0.0,1.0,1.0,
SKU00253,2024-12-16,Bottoms,2.0,2,False,14.0,14.2,0.1999999999999993,0.014285714285714235
SKU00253,2024-12-23,Bottoms,2.0,2,False,16.0,16.5,0.5,0.03125
SKU00254,2024-10-28,Outerwear,2.0,2,False,0.0,7.4,7.4,
SKU00254,2024-11-04,Outerwear,2.0,2,False,25.0,5.7,-19.3,0.772
SKU00254,2024-11-11,Outerwear,2.0,2,False,27.0,3.0,-24.0,0.8888888888888888
SKU00254,2024-11-18,Outerwear,2.0,2,False,31.0,11.4,-19.6,0.6322580645161291
SKU00254,2024-11-25,Outerwear,2.0,2,False,9.0,10.9,1.9000000000000004,0.21111111111111114
SKU00254,2024-12-02,Outerwear,2.0,2,False,0.0,7.4,7.4,
SKU00254,2024-12-09,Outerwear,2.0,2,False,0.0,14.7,14.7,
SKU00254,2024-12-16,Outerwear,2.0,2,False,32.0,21.1,-10.899999999999999,0.34062499999999996
SKU00254,2024-12-23,Outerwear,2.0,2,False,39.0,30.0,-9.0,0.23076923076923078
SKU00255,2024-10-28,Tops,2.0,2,False,9.0,12.8,3.8000000000000007,0.4222222222222223
SKU00255,2024-11-04,Tops,2.0,2,False,10.0,10.5,0.5,0.05
SKU00255,2024-11-11,Tops,2.0,2,False,8.0,9.6,1.5999999999999996,0.19999999999999996
SKU00255,2024-11-18,Tops,2.0,2,False,13.0,9.2,-3.8000000000000007,0.2923076923076924
SKU00255,2024-11-25,Tops,2.0,2,False,7.0,9.5,2.5,0.35714285714285715
SKU00255,2024-12-02,Tops,2.0,2,False,6.0,8.3,2.3000000000000007,0.38333333333333347
SKU00255,2024-12-09,Tops,2.0,2,False,7.0,8.2,1.1999999999999993,0.17142857142857132
SKU00255,2024-12-16,Tops,2.0,2,False,9.0,7.8,-1.2000000000000002,0.13333333333333336
SKU00255,2024-12-23,Tops,2.0,2,False,6.0,7.7,1.7000000000000002,0.2833333333333334
SKU00256,2024-10-28,Footwear,3.0,2,False,0.0,0.2,0.2,
SKU00256,2024-11-04,Footwear,3.0,2,False,14.0,9.4,-4.6,0.32857142857142857
SKU00256,2024-11-11,Footwear,3.0,2,False,9.0,11.8,2.8000000000000007,0.31111111111111117
SKU00256,2024-11-18,Footwear,3.0,2,False,6.0,9.8,3.8000000000000007,0.6333333333333334
SKU00256,2024-11-25,Footwear,3.0,2,False,7.0,4.4,-2.5999999999999996,0.3714285714285714
SKU00256,2024-12-02,Footwear,3.0,2,False,2.0,0.4,-1.6,0.8
SKU00256,2024-12-09,Footwear,3.0,2,False,0.0,0.8,0.8,
SKU00256,2024-12-16,Footwear,3.0,2,False,10.0,12.5,2.5,0.25
SKU00256,2024-12-23,Footwear,3.0,2,False,10.0,13.8,3.8000000000000007,0.38000000000000006
SKU00257,2024-10-28,Tops,1.0,2,False,11.0,12.7,1.6999999999999993,0.15454545454545449
SKU00257,2024-11-04,Tops,1.0,2,False,11.0,12.7,1.6999999999999993,0.15454545454545449
SKU00257,2024-11-11,Tops,1.0,2,False,10.0,10.7,0.6999999999999993,0.06999999999999992
SKU00257,2024-11-18,Tops,1.0,2,False,7.0,14.5,7.5,1.0714285714285714
SKU00257,2024-11-25,Tops,1.0,2,False,9.0,13.6,4.6,0.5111111111111111
SKU00257,2024-12-02,Tops,1.0,2,False,14.0,9.4,-4.6,0.32857142857142857
SKU00257,2024-12-09,Tops,1.0,2,False,18.0,8.6,-9.4,0.5222222222222223
SKU00257,2024-12-16,Tops,1.0,2,False,9.0,10.2,1.1999999999999993,0.13333333333333325
SKU00257,2024-12-23,Tops,1.0,2,False,13.0,10.0,-3.0,0.23076923076923078
SKU00258,2024-10-28,Bottoms,3.0,3,False,27.0,20.4,-6.600000000000001,0.2444444444444445
SKU00258,2024-11-04,Bottoms,3.0,3,False,38.0,21.6,-16.4,0.431578947368421
SKU00258,2024-11-11,Bottoms,3.0,3,False,26.0,14.6,-11.4,0.43846153846153846
SKU00258,2024-11-18,Bottoms,3.0,3,False,28.0,10.8,-17.2,0.6142857142857142
SKU00258,2024-11-25,Bottoms,3.0,3,False,29.0,21.5,-7.5,0.25862068965517243
SKU00258,2024-12-02,Bottoms,3.0,3,False,21.0,21.3,0.3000000000000007,0.01428571428571432
SKU00258,2024-12-09,Bottoms,3.0,3,False,28.0,20.8,-7.199999999999999,0.2571428571428571
SKU00258,2024-12-16,Bottoms,3.0,3,False,40.0,19.3,-20.7,0.5175
SKU00258,2024-12-23,Bottoms,3.0,3,False,33.0,22.8,-10.2,0.3090909090909091
SKU00259,2024-10-28,Outerwear,2.0,2,False,23.0,13.4,-9.6,0.41739130434782606
SKU00259,2024-11-04,Outerwear,2.0,2,False,11.0,13.8,2.8000000000000007,0.25454545454545463
SKU00259,2024-11-11,Outerwear,2.0,2,False,12.0,15.0,3.0,0.25
SKU00259,2024-11-18,Outerwear,2.0,2,False,10.0,16.0,6.0,0.6
SKU00259,2024-11-25,Outerwear,2.0,2,False,18.0,17.6,-0.3999999999999986,0.022222222222222143
SKU00259,2024-12-02,Outerwear,2.0,2,False,14.0,18.4,4.399999999999999,0.31428571428571417
SKU00259,2024-12-09,Outerwear,2.0,2,False,10.0,18.9,8.899999999999999,0.8899999999999999
SKU00259,2024-12-16,Outerwear,2.0,2,True,20.0,32.2,12.200000000000003,0.6100000000000001
SKU00259,2024-12-23,Outerwear,2.0,2,True,42.0,34.1,-7.899999999999999,0.18809523809523807
SKU00260,2024-10-28,Footwear,1.0,2,False,31.0,38.9,7.899999999999999,0.2548387096774193
SKU00260,2024-11-04,Footwear,1.0,2,False,24.0,33.8,9.799999999999997,0.4083333333333332
SKU00260,2024-11-11,Footwear,1.0,2,False,39.0,38.5,-0.5,0.01282051282051282
SKU00260,2024-11-18,Footwear,1.0,2,False,37.0,36.1,-0.8999999999999986,0.024324324324324288
SKU00260,2024-11-25,Footwear,1.0,2,False,25.0,32.7,7.700000000000003,0.3080000000000001
SKU00260,2024-12-02,Footwear,1.0,2,False,56.0,30.3,-25.7,0.4589285714285714
SKU00260,2024-12-09,Footwear,1.0,2,False,31.0,31.3,0.3000000000000007,0.009677419354838733
SKU00260,2024-12-16,Footwear,1.0,2,False,24.0,33.7,9.700000000000003,0.4041666666666668
SKU00260,2024-12-23,Footwear,1.0,2,False,25.0,33.3,8.299999999999997,0.3319999999999999
SKU00261,2024-10-28,Bottoms,1.0,2,False,25.0,27.6,2.6000000000000014,0.10400000000000005
SKU00261,2024-11-04,Bottoms,1.0,2,False,18.0,23.6,5.600000000000001,0.31111111111111117
SKU00261,2024-11-11,Bottoms,1.0,2,False,24.0,32.2,8.200000000000003,0.3416666666666668
SKU00261,2024-11-18,Bottoms,1.0,2,False,28.0,32.2,4.200000000000003,0.1500000000000001
SKU00261,2024-11-25,Bottoms,1.0,2,False,25.0,34.8,9.799999999999997,0.3919999999999999
SKU00261,2024-12-02,Bottoms,1.0,2,False,22.0,29.8,7.800000000000001,0.35454545454545455
SKU00261,2024-12-09,Bottoms,1.0,2,False,20.0,30.0,10.0,0.5
SKU00261,2024-12-16,Bottoms,1.0,2,False,35.0,27.0,-8.0,0.22857142857142856
SKU00261,2024-12-23,Bottoms,1.0,2,False,32.0,24.7,-7.300000000000001,0.22812500000000002
SKU00262,2024-10-28,Bottoms,2.0,3,False,0.0,0.2,0.2,
SKU00262,2024-11-04,Bottoms,2.0,3,False,21.0,14.8,-6.199999999999999,0.2952380952380952
SKU00262,2024-11-11,Bottoms,2.0,3,False,24.0,21.2,-2.8000000000000007,0.1166666666666667
SKU00262,2024-11-18,Bottoms,2.0,3,False,21.0,20.2,-0.8000000000000007,0.038095238095238126
SKU00262,2024-11-25,Bottoms,2.0,3,False,21.0,9.6,-11.4,0.5428571428571429
SKU00262,2024-12-02,Bottoms,2.0,3,False,5.0,0.8,-4.2,0.8400000000000001
SKU00262,2024-12-09,Bottoms,2.0,3,False,0.0,1.3,1.3,
SKU00262,2024-12-16,Bottoms,2.0,3,False,21.0,9.7,-11.3,0.5380952380952382
SKU00262,2024-12-23,Bottoms,2.0,3,False,16.0,15.9,-0.09999999999999964,0.006249999999999978
SKU00263,2024-10-28,Accessories,2.0,2,False,13.0,11.2,-1.8000000000000007,0.13846153846153852
SKU00263,2024-11-04,Accessories,2.0,2,False,14.0,12.3,-1.6999999999999993,0.12142857142857137
SKU00263,2024-11-11,Accessories,2.0,2,False,12.0,13.1,1.0999999999999996,0.09166666666666663
SKU00263,2024-11-18,Accessories,2.0,2,False,13.0,11.5,-1.5,0.11538461538461539
SKU00263,2024-11-25,Accessories,2.0,2,False,14.0,12.8,-1.1999999999999993,0.08571428571428566
SKU00263,2024-12-02,Accessories,2.0,2,False,11.0,13.0,2.0,0.18181818181818182
SKU00263,2024-12-09,Accessories,2.0,2,True,20.0,28.1,8.100000000000001,0.4050000000000001
SKU00263,2024-12-16,Accessories,2.0,2,True,33.0,29.2,-3.8000000000000007,0.11515151515151517
SKU00263,2024-12-23,Accessories,2.0,2,False,9.0,13.6,4.6,0.5111111111111111
SKU00264,2024-10-28,Accessories,1.0,1,False,18.0,23.6,5.600000000000001,0.31111111111111117
SKU00264,2024-11-04,Accessories,1.0,1,False,24.0,27.5,3.5,0.14583333333333334
SKU00264,2024-11-11,Accessories,1.0,1,False,25.0,29.2,4.199999999999999,0.16799999999999998
SKU00264,2024-11-18,Accessories,1.0,1,False,15.0,27.6,12.600000000000001,0.8400000000000001
SKU00264,2024-11-25,Accessories,1.0,1,False,19.0,19.6,0.6000000000000014,0.03157894736842113
SKU00264,2024-12-02,Accessories,1.0,1,False,20.0,27.4,7.399999999999999,0.36999999999999994
SKU00264,2024-12-09,Accessories,1.0,1,False,19.0,21.2,2.1999999999999993,0.11578947368421048
SKU00264,2024-12-16,Accessories,1.0,1,False,27.0,20.2,-6.800000000000001,0.2518518518518519
SKU00264,2024-12-23,Accessories,1.0,1,False,22.0,18.7,-3.3000000000000007,0.15000000000000002
SKU00265,2024-10-28,Outerwear,1.0,2,True,49.0,44.6,-4.399999999999999,0.0897959183673469
SKU00265,2024-11-04,Outerwear,1.0,2,False,19.0,22.3,3.3000000000000007,0.17368421052631583
SKU00265,2024-11-11,Outerwear,1.0,2,False,20.0,22.7,2.6999999999999993,0.13499999999999995
SKU00265,2024-11-18,Outerwear,1.0,2,False,20.0,19.3,-0.6999999999999993,0.03499999999999996
SKU00265,2024-11-25,Outerwear,1.0,2,False,13.0,22.6,9.600000000000001,0.7384615384615386
SKU00265,2024-12-02,Outerwear,1.0,2,False,17.0,21.5,4.5,0.2647058823529412
SKU00265,2024-12-09,Outerwear,1.0,2,False,11.0,23.5,12.5,1.1363636363636365
SKU00265,2024-12-16,Outerwear,1.0,2,False,20.0,27.1,7.100000000000001,0.3550000000000001
SKU00265,2024-12-23,Outerwear,1.0,2,False,17.0,22.3,5.300000000000001,0.311764705882353
SKU00266,2024-10-28,Dresses,3.0,2,False,5.0,5.4,0.40000000000000036,0.08000000000000007
SKU00266,2024-11-04,Dresses,3.0,2,False,3.0,5.2,2.2,0.7333333333333334
SKU00266,2024-11-11,Dresses,3.0,2,False,2.0,5.1,3.0999999999999996,1.5499999999999998
SKU00266,2024-11-18,Dresses,3.0,2,False,4.0,4.5,0.5,0.125
SKU00266,2024-11-25,Dresses,3.0,2,False,5.0,4.2,-0.7999999999999998,0.15999999999999998
SKU00266,2024-12-02,Dresses,3.0,2,False,4.0,5.2,1.2000000000000002,0.30000000000000004
SKU00266,2024-12-09,Dresses,3.0,2,False,7.0,4.8,-2.2,0.31428571428571433
SKU00266,2024-12-16,Dresses,3.0,2,False,5.0,6.2,1.2000000000000002,0.24000000000000005
SKU00266,2024-12-23,Dresses,3.0,2,False,4.0,5.2,1.2000000000000002,0.30000000000000004
SKU00267,2024-10-28,Dresses,1.0,2,False,16.0,17.5,1.5,0.09375
SKU00267,2024-11-04,Dresses,1.0,2,False,13.0,16.1,3.1000000000000014,0.23846153846153856
SKU00267,2024-11-11,Dresses,1.0,2,False,11.0,15.3,4.300000000000001,0.390909090909091
SKU00267,2024-11-18,Dresses,1.0,2,False,10.0,15.9,5.9,0.5900000000000001
SKU00267,2024-11-25,Dresses,1.0,2,False,11.0,11.2,0.1999999999999993,0.01818181818181812
SKU00267,2024-12-02,Dresses,1.0,2,False,13.0,13.1,0.09999999999999964,0.007692307692307665
SKU00267,2024-12-09,Dresses,1.0,2,False,10.0,12.4,2.4000000000000004,0.24000000000000005
SKU00267,2024-12-16,Dresses,1.0,2,False,10.0,13.6,3.5999999999999996,0.36
SKU00267,2024-12-23,Dresses,1.0,2,False,4.0,11.4,7.4,1.85
SKU00268,2024-10-28,Outerwear,1.0,2,False,21.0,28.7,7.699999999999999,0.36666666666666664
SKU00268,2024-11-04,Outerwear,1.0,2,False,24.0,26.9,2.8999999999999986,0.12083333333333328
SKU00268,2024-11-11,Outerwear,1.0,2,False,46.0,27.5,-18.5,0.40217391304347827
SKU00268,2024-11-18,Outerwear,1.0,2,False,19.0,28.3,9.3,0.48947368421052634
SKU00268,2024-11-25,Outerwear,1.0,2,False,30.0,29.9,-0.10000000000000142,0.003333333333333381
SKU00268,2024-12-02,Outerwear,1.0,2,True,87.0,78.0,-9.0,0.10344827586206896
SKU00268,2024-12-09,Outerwear,1.0,2,True,174.0,78.9,-95.1,0.546551724137931
SKU00268,2024-12-16,Outerwear,1.0,2,False,39.0,28.8,-10.2,0.2615384615384615
SKU00268,2024-12-23,Outerwear,1.0,2,False,41.0,29.1,-11.899999999999999,0.29024390243902437
SKU00269,2024-10-28,Outerwear,1.0,2,True,85.0,74.5,-10.5,0.12352941176470589
SKU00269,2024-11-04,Outerwear,1.0,2,False,37.0,31.3,-5.699999999999999,0.15405405405405403
SKU00269,2024-11-11,Outerwear,1.0,2,False,38.0,27.9,-10.100000000000001,0.2657894736842106
SKU00269,2024-11-18,Outerwear,1.0,2,False,43.0,34.5,-8.5,0.19767441860465115
SKU00269,2024-11-25,Outerwear,1.0,2,True,55.0,55.4,0.3999999999999986,0.007272727272727247
SKU00269,2024-12-02,Outerwear,1.0,2,True,54.0,74.7,20.700000000000003,0.38333333333333336
SKU00269,2024-12-09,Outerwear,1.0,2,True,45.0,49.4,4.399999999999999,0.09777777777777774
SKU00269,2024-12-16,Outerwear,1.0,2,False,40.0,32.0,-8.0,0.2
SKU00269,2024-12-23,Outerwear,1.0,2,False,40.0,35.3,-4.700000000000003,0.11750000000000008
SKU00270,2024-10-28,Bottoms,1.0,2,False,67.0,52.1,-14.899999999999999,0.22238805970149253
SKU00270,2024-11-04,Bottoms,1.0,2,False,56.0,44.3,-11.700000000000003,0.2089285714285715
SKU00270,2024-11-11,Bottoms,1.0,2,False,44.0,49.6,5.600000000000001,0.12727272727272732
SKU00270,2024-11-18,Bottoms,1.0,2,True,118.0,108.2,-9.799999999999997,0.0830508474576271
SKU00270,2024-11-25,Bottoms,1.0,2,True,93.0,108.8,15.799999999999997,0.16989247311827954
SKU00270,2024-12-02,Bottoms,1.0,2,True,122.0,93.5,-28.5,0.2336065573770492
SKU00270,2024-12-09,Bottoms,1.0,2,False,64.0,55.8,-8.200000000000003,0.12812500000000004
SKU00270,2024-12-16,Bottoms,1.0,2,True,113.0,118.8,5.799999999999997,0.051327433628318556
SKU00270,2024-12-23,Bottoms,1.0,2,True,238.0,112.9,-125.1,0.5256302521008404
SKU00271,2024-10-28,Tops,3.0,3,False,5.0,6.3,1.2999999999999998,0.25999999999999995
SKU00271,2024-11-04,Tops,3.0,3,False,8.0,8.3,0.3000000000000007,0.03750000000000009
SKU00271,2024-11-11,Tops,3.0,3,False,5.0,8.6,3.5999999999999996,0.72
SKU00271,2024-11-18,Tops,3.0,3,False,4.0,7.6,3.5999999999999996,0.8999999999999999
SKU00271,2024-11-25,Tops,3.0,3,False,5.0,8.2,3.1999999999999993,0.6399999999999999
SKU00271,2024-12-02,Tops,3.0,3,False,6.0,9.4,3.4000000000000004,0.5666666666666668
SKU00271,2024-12-09,Tops,3.0,3,False,5.0,7.9,2.9000000000000004,0.5800000000000001
SKU00271,2024-12-16,Tops,3.0,3,False,5.0,5.3,0.2999999999999998,0.05999999999999996
SKU00271,2024-12-23,Tops,3.0,3,False,5.0,5.7,0.7000000000000002,0.14000000000000004
SKU00272,2024-10-28,Tops,2.0,2,False,6.0,7.7,1.7000000000000002,0.2833333333333334
SKU00272,2024-11-04,Tops,2.0,2,False,5.0,8.3,3.3000000000000007,0.6600000000000001
SKU00272,2024-11-11,Tops,2.0,2,True,12.0,24.8,12.8,1.0666666666666667
SKU00272,2024-11-18,Tops,2.0,2,False,4.0,7.8,3.8,0.95
SKU00272,2024-11-25,Tops,2.0,2,False,8.0,6.8,-1.2000000000000002,0.15000000000000002
SKU00272,2024-12-02,Tops,2.0,2,False,8.0,6.8,-1.2000000000000002,0.15000000000000002
SKU00272,2024-12-09,Tops,2.0,2,False,5.0,9.4,4.4,0.8800000000000001
SKU00272,2024-12-16,Tops,2.0,2,False,6.0,7.3,1.2999999999999998,0.21666666666666665
SKU00272,2024-12-23,Tops,2.0,2,False,5.0,7.7,2.7,0.54
SKU00273,2024-10-28,Accessories,1.0,2,False,18.0,17.0,-1.0,0.05555555555555555
SKU00273,2024-11-04,Accessories,1.0,2,False,20.0,19.2,-0.8000000000000007,0.040000000000000036
SKU00273,2024-11-11,Accessories,1.0,2,False,24.0,18.6,-5.399999999999999,0.22499999999999995
SKU00273,2024-11-18,Accessories,1.0,2,False,21.0,17.9,-3.1000000000000014,0.14761904761904768
SKU00273,2024-11-25,Accessories,1.0,2,False,20.0,15.1,-4.9,0.24500000000000002
SKU00273,2024-12-02,Accessories,1.0,2,False,26.0,20.0,-6.0,0.23076923076923078
SKU00273,2024-12-09,Accessories,1.0,2,True,37.0,39.7,2.700000000000003,0.07297297297297305
SKU00273,2024-12-16,Accessories,1.0,2,True,37.0,19.0,-18.0,0.4864864864864865
SKU00273,2024-12-23,Accessories,1.0,2,True,0.0,4.8,4.8,
SKU00274,2024-10-28,Dresses,2.0,2,False,11.0,8.6,-2.4000000000000004,0.21818181818181823
SKU00274,2024-11-04,Dresses,2.0,2,False,8.0,9.2,1.1999999999999993,0.1499999999999999
SKU00274,2024-11-11,Dresses,2.0,2,False,4.0,8.0,4.0,1.0
SKU00274,2024-11-18,Dresses,2.0,2,False,13.0,8.2,-4.800000000000001,0.3692307692307693
SKU00274,2024-11-25,Dresses,2.0,2,False,7.0,9.6,2.5999999999999996,0.3714285714285714
SKU00274,2024-12-02,Dresses,2.0,2,False,5.0,9.6,4.6,0.9199999999999999
SKU00274,2024-12-09,Dresses,2.0,2,False,4.0,7.5,3.5,0.875
SKU00274,2024-12-16,Dresses,2.0,2,False,7.0,7.1,0.09999999999999964,0.014285714285714235
SKU00274,2024-12-23,Dresses,2.0,2,False,9.0,7.9,-1.0999999999999996,0.12222222222222218
SKU00275,2024-10-28,Dresses,1.0,2,False,34.0,21.6,-12.399999999999999,0.36470588235294116
SKU00275,2024-11-04,Dresses,1.0,2,False,31.0,18.9,-12.100000000000001,0.39032258064516134
SKU00275,2024-11-11,Dresses,1.0,2,False,24.0,13.3,-10.7,0.4458333333333333
SKU00275,2024-11-18,Dresses,1.0,2,False,20.0,14.2,-5.800000000000001,0.29000000000000004
SKU00275,2024-11-25,Dresses,1.0,2,False,41.0,17.5,-23.5,0.573170731707317
SKU00275,2024-12-02,Dresses,1.0,2,False,23.0,7.7,-15.3,0.6652173913043479
SKU00275,2024-12-09,Dresses,1.0,2,False,17.0,10.4,-6.6,0.388235294117647
SKU00275,2024-12-16,Dresses,1.0,2,False,26.0,12.4,-13.6,0.5230769230769231
SKU00275,2024-12-23,Dresses,1.0,2,False,15.0,16.2,1.1999999999999993,0.07999999999999995
SKU00276,2024-10-28,Dresses,3.0,2,False,13.0,15.7,2.6999999999999993,0.20769230769230765
SKU00276,2024-11-04,Dresses,3.0,2,False,18.0,16.9,-1.1000000000000014,0.06111111111111119
SKU00276,2024-11-11,Dresses,3.0,2,False,13.0,14.5,1.5,0.11538461538461539
SKU00276,2024-11-18,Dresses,3.0,2,False,18.0,10.8,-7.199999999999999,0.39999999999999997
SKU00276,2024-11-25,Dresses,3.0,2,False,9.0,12.3,3.3000000000000007,0.36666666666666675
SKU00276,2024-12-02,Dresses,3.0,2,False,10.0,12.0,2.0,0.2
SKU00276,2024-12-09,Dresses,3.0,2,False,10.0,11.9,1.9000000000000004,0.19000000000000003
SKU00276,2024-12-16,Dresses,3.0,2,False,21.0,8.9,-12.1,0.5761904761904761
SKU00276,2024-12-23,Dresses,3.0,2,False,9.0,9.2,0.1999999999999993,0.022222222222222143
SKU00277,2024-10-28,Footwear,1.0,2,False,56.0,54.3,-1.7000000000000028,0.03035714285714291
SKU00277,2024-11-04,Footwear,1.0,2,False,34.0,47.5,13.5,0.39705882352941174
SKU00277,2024-11-11,Footwear,1.0,2,True,248.0,122.1,-125.9,0.5076612903225807
SKU00277,2024-11-18,Footwear,1.0,2,True,99.0,76.4,-22.599999999999994,0.22828282828282823
SKU00277,2024-11-25,Footwear,1.0,2,True,113.0,116.3,3.299999999999997,0.029203539823008825
SKU00277,2024-12-02,Footwear,1.0,2,False,55.0,43.6,-11.399999999999999,0.20727272727272725
SKU00277,2024-12-09,Footwear,1.0,2,False,86.0,47.4,-38.6,0.4488372093023256
SKU00277,2024-12-16,Footwear,1.0,2,False,66.0,42.6,-23.4,0.3545454545454545
SKU00277,2024-12-23,Footwear,1.0,2,False,40.0,55.2,15.200000000000003,0.38000000000000006
SKU00278,2024-10-28,Tops,2.0,2,False,7.0,8.7,1.6999999999999993,0.24285714285714274
SKU00278,2024-11-04,Tops,2.0,2,False,5.0,7.3,2.3,0.45999999999999996
SKU00278,2024-11-11,Tops,2.0,2,False,4.0,7.6,3.5999999999999996,0.8999999999999999
SKU00278,2024-11-18,Tops,2.0,2,False,6.0,7.1,1.0999999999999996,0.18333333333333326
SKU00278,2024-11-25,Tops,2.0,2,False,7.0,7.2,0.20000000000000018,0.0285714285714286
SKU00278,2024-12-02,Tops,2.0,2,True,18.0,18.5,0.5,0.027777777777777776
SKU00278,2024-12-09,Tops,2.0,2,True,19.0,26.7,7.699999999999999,0.4052631578947368
SKU00278,2024-12-16,Tops,2.0,2,True,16.0,19.8,3.8000000000000007,0.23750000000000004
SKU00278,2024-12-23,Tops,2.0,2,False,3.0,6.2,3.2,1.0666666666666667
SKU00279,2024-10-28,Tops,3.0,3,False,14.0,11.2,-2.8000000000000007,0.20000000000000004
SKU00279,2024-11-04,Tops,3.0,3,False,14.0,9.4,-4.6,0.32857142857142857
SKU00279,2024-11-11,Tops,3.0,3,False,11.0,10.1,-0.9000000000000004,0.08181818181818185
SKU00279,2024-11-18,Tops,3.0,3,False,13.0,13.3,0.3000000000000007,0.02307692307692313
SKU00279,2024-11-25,Tops,3.0,3,False,8.0,13.1,5.1,0.6375
SKU00279,2024-12-02,Tops,3.0,3,False,9.0,14.3,5.300000000000001,0.588888888888889
SKU00279,2024-12-09,Tops,3.0,3,False,8.0,12.4,4.4,0.55
SKU00279,2024-12-16,Tops,3.0,3,False,10.0,11.4,1.4000000000000004,0.14000000000000004
SKU00279,2024-12-23,Tops,3.0,3,False,7.0,9.8,2.8000000000000007,0.4000000000000001
SKU00280,2024-10-28,Bottoms,3.0,1,False,21.0,27.0,6.0,0.2857142857142857
SKU00280,2024-11-04,Bottoms,3.0,1,False,31.0,27.3,-3.6999999999999993,0.11935483870967739
SKU00280,2024-11-11,Bottoms,3.0,1,False,28.0,23.8,-4.199999999999999,0.14999999999999997
SKU00280,2024-11-18,Bottoms,3.0,1,False,32.0,23.7,-8.3,0.259375
SKU00280,2024-11-25,Bottoms,3.0,1,False,27.0,24.3,-2.6999999999999993,0.09999999999999998
SKU00280,2024-12-02,Bottoms,3.0,1,False,33.0,23.1,-9.899999999999999,0.29999999999999993
SKU00280,2024-12-09,Bottoms,3.0,1,False,26.0,23.5,-2.5,0.09615384615384616
SKU00280,2024-12-16,Bottoms,3.0,1,False,28.0,23.8,-4.199999999999999,0.14999999999999997
SKU00280,2024-12-23,Bottoms,3.0,1,False,20.0,19.7,-0.3000000000000007,0.015000000000000036
SKU00281,2024-10-28,Dresses,1.0,3,False,23.0,21.1,-1.8999999999999986,0.08260869565217385
SKU00281,2024-11-04,Dresses,1.0,3,False,24.0,15.4,-8.6,0.35833333333333334
SKU00281,2024-11-11,Dresses,1.0,3,False,23.0,18.4,-4.600000000000001,0.20000000000000007
SKU00281,2024-11-18,Dresses,1.0,3,False,12.0,15.4,3.4000000000000004,0.2833333333333334
SKU00281,2024-11-25,Dresses,1.0,3,False,20.0,14.0,-6.0,0.3
SKU00281,2024-12-02,Dresses,1.0,3,True,35.0,44.0,9.0,0.2571428571428571
SKU00281,2024-12-09,Dresses,1.0,3,True,33.0,44.4,11.399999999999999,0.3454545454545454
SKU00281,2024-12-16,Dresses,1.0,3,False,12.0,12.7,0.6999999999999993,0.05833333333333327
SKU00281,2024-12-23,Dresses,1.0,3,False,25.0,12.7,-12.3,0.49200000000000005
SKU00282,2024-10-28,Footwear,1.0,2,False,38.0,26.8,-11.2,0.29473684210526313
SKU00282,2024-11-04,Footwear,1.0,2,False,18.0,24.6,6.600000000000001,0.36666666666666675
SKU00282,2024-11-11,Footwear,1.0,2,False,19.0,22.3,3.3000000000000007,0.17368421052631583
SKU00282,2024-11-18,Footwear,1.0,2,False,21.0,27.1,6.100000000000001,0.29047619047619055
SKU00282,2024-11-25,Footwear,1.0,2,False,20.0,22.9,2.8999999999999986,0.14499999999999993
SKU00282,2024-12-02,Footwear,1.0,2,True,75.0,65.4,-9.599999999999994,0.12799999999999992
SKU00282,2024-12-09,Footwear,1.0,2,True,71.0,73.5,2.5,0.035211267605633804
SKU00282,2024-12-16,Footwear,1.0,2,True,91.0,71.3,-19.700000000000003,0.21648351648351652
SKU00282,2024-12-23,Footwear,1.0,2,False,40.0,26.1,-13.899999999999999,0.3475
SKU00283,2024-10-28,Dresses,1.0,2,False,14.0,11.6,-2.4000000000000004,0.17142857142857146
SKU00283,2024-11-04,Dresses,1.0,2,False,9.0,11.5,2.5,0.2777777777777778
SKU00283,2024-11-11,Dresses,1.0,2,False,12.0,13.2,1.1999999999999993,0.09999999999999994
SKU00283,2024-11-18,Dresses,1.0,2,False,6.0,12.4,6.4,1.0666666666666667
SKU00283,2024-11-25,Dresses,1.0,2,False,9.0,11.6,2.5999999999999996,0.28888888888888886
SKU00283,2024-12-02,Dresses,1.0,2,False,9.0,9.4,0.40000000000000036,0.04444444444444448
SKU00283,2024-12-09,Dresses,1.0,2,False,7.0,8.6,1.5999999999999996,0.2285714285714285
SKU00283,2024-12-16,Dresses,1.0,2,False,7.0,8.4,1.4000000000000004,0.20000000000000004
SKU00283,2024-12-23,Dresses,1.0,2,False,9.0,10.7,1.6999999999999993,0.1888888888888888
SKU00284,2024-10-28,Dresses,1.0,2,False,10.0,13.7,3.6999999999999993,0.36999999999999994
SKU00284,2024-11-04,Dresses,1.0,2,False,8.0,14.3,6.300000000000001,0.7875000000000001
SKU00284,2024-11-11,Dresses,1.0,2,False,6.0,9.9,3.9000000000000004,0.65
SKU00284,2024-11-18,Dresses,1.0,2,False,7.0,8.9,1.9000000000000004,0.27142857142857146
SKU00284,2024-11-25,Dresses,1.0,2,False,7.0,9.3,2.3000000000000007,0.3285714285714287
SKU00284,2024-12-02,Dresses,1.0,2,False,5.0,9.9,4.9,0.9800000000000001
SKU00284,2024-12-09,Dresses,1.0,2,False,9.0,8.9,-0.09999999999999964,0.011111111111111072
SKU00284,2024-12-16,Dresses,1.0,2,False,9.0,8.5,-0.5,0.05555555555555555
SKU00284,2024-12-23,Dresses,1.0,2,True,23.0,29.4,6.399999999999999,0.27826086956521734
SKU00285,2024-10-28,Accessories,1.0,2,True,0.0,4.1,4.1,
SKU00285,2024-11-04,Accessories,1.0,2,True,25.0,24.4,-0.6000000000000014,0.024000000000000056
SKU00285,2024-11-11,Accessories,1.0,2,False,15.0,6.8,-8.2,0.5466666666666666
SKU00285,2024-11-18,Accessories,1.0,2,False,15.0,9.1,-5.9,0.39333333333333337
SKU00285,2024-11-25,Accessories,1.0,2,False,11.0,10.0,-1.0,0.09090909090909091
SKU00285,2024-12-02,Accessories,1.0,2,False,20.0,19.5,-0.5,0.025
SKU00285,2024-12-09,Accessories,1.0,2,True,34.0,40.0,6.0,0.17647058823529413
SKU00285,2024-12-16,Accessories,1.0,2,True,31.0,14.7,-16.3,0.5258064516129033
SKU00285,2024-12-23,Accessories,1.0,2,True,40.0,5.0,-35.0,0.875
SKU00286,2024-10-28,Tops,3.0,2,False,0.0,0.2,0.2,
SKU00286,2024-11-04,Tops,3.0,2,False,4.0,6.2,2.2,0.55
SKU00286,2024-11-11,Tops,3.0,2,False,6.0,6.4,0.40000000000000036,0.06666666666666672
SKU00286,2024-11-18,Tops,3.0,2,False,6.0,7.7,1.7000000000000002,0.2833333333333334
SKU00286,2024-11-25,Tops,3.0,2,False,7.0,6.0,-1.0,0.14285714285714285
SKU00286,2024-12-02,Tops,3.0,2,False,6.0,2.3,-3.7,0.6166666666666667
SKU00286,2024-12-09,Tops,3.0,2,False,6.0,2.2,-3.8,0.6333333333333333
SKU00286,2024-12-16,Tops,3.0,2,False,6.0,4.9,-1.0999999999999996,0.18333333333333326
SKU00286,2024-12-23,Tops,3.0,2,True,8.0,14.2,6.199999999999999,0.7749999999999999
SKU00287,2024-10-28,Outerwear,1.0,2,False,22.0,24.7,2.6999999999999993,0.1227272727272727
SKU00287,2024-11-04,Outerwear,1.0,2,False,25.0,26.6,1.6000000000000014,0.06400000000000006
SKU00287,2024-11-11,Outerwear,1.0,2,False,25.0,22.6,-2.3999999999999986,0.09599999999999995
SKU00287,2024-11-18,Outerwear,1.0,2,False,22.0,20.3,-1.6999999999999993,0.07727272727272724
SKU00287,2024-11-25,Outerwear,1.0,2,False,18.0,28.1,10.100000000000001,0.5611111111111112
SKU00287,2024-12-02,Outerwear,1.0,2,False,17.0,21.9,4.899999999999999,0.288235294117647
SKU00287,2024-12-09,Outerwear,1.0,2,False,20.0,31.1,11.100000000000001,0.555
SKU00287,2024-12-16,Outerwear,1.0,2,False,22.0,22.7,0.6999999999999993,0.03181818181818179
SKU00287,2024-12-23,Outerwear,1.0,2,False,23.0,31.3,8.3,0.36086956521739133
SKU00288,2024-10-28,Outerwear,3.0,2,False,9.0,13.4,4.4,0.48888888888888893
SKU00288,2024-11-04,Outerwear,3.0,2,False,13.0,14.4,1.4000000000000004,0.10769230769230773
SKU00288,2024-11-11,Outerwear,3.0,2,False,11.0,13.4,2.4000000000000004,0.21818181818181823
SKU00288,2024-11-18,Outerwear,3.0,2,False,17.0,11.5,-5.5,0.3235294117647059
SKU00288,2024-11-25,Outerwear,3.0,2,False,17.0,10.4,-6.6,0.388235294117647
SKU00288,2024-12-02,Outerwear,3.0,2,False,28.0,13.3,-14.7,0.525
SKU00288,2024-12-09,Outerwear,3.0,2,False,15.0,12.4,-2.5999999999999996,0.1733333333333333
SKU00288,2024-12-16,Outerwear,3.0,2,False,12.0,12.6,0.5999999999999996,0.04999999999999997
SKU00288,2024-12-23,Outerwear,3.0,2,False,13.0,12.3,-0.6999999999999993,0.053846153846153794
SKU00289,2024-10-28,Dresses,1.0,2,True,205.0,154.8,-50.19999999999999,0.24487804878048774
SKU00289,2024-11-04,Dresses,1.0,2,True,104.0,70.5,-33.5,0.32211538461538464
SKU00289,2024-11-11,Dresses,1.0,2,False,22.0,50.6,28.6,1.3
SKU00289,2024-11-18,Dresses,1.0,2,False,30.0,56.2,26.200000000000003,0.8733333333333334
SKU00289,2024-11-25,Dresses,1.0,2,False,25.0,33.8,8.799999999999997,0.35199999999999987
SKU00289,2024-12-02,Dresses,1.0,2,False,35.0,34.2,-0.7999999999999972,0.022857142857142777
SKU00289,2024-12-09,Dresses,1.0,2,False,20.0,34.1,14.100000000000001,0.7050000000000001
SKU00289,2024-12-16,Dresses,1.0,2,False,37.0,28.0,-9.0,0.24324324324324326
SKU00289,2024-12-23,Dresses,1.0,2,False,26.0,32.3,6.299999999999997,0.2423076923076922
SKU00290,2024-10-28,Footwear,3.0,2,False,86.0,59.7,-26.299999999999997,0.30581395348837204
SKU00290,2024-11-04,Footwear,3.0,2,False,141.0,55.7,-85.3,0.6049645390070921
SKU00290,2024-11-11,Footwear,3.0,2,False,76.0,57.1,-18.9,0.24868421052631576
SKU00290,2024-11-18,Footwear,3.0,2,False,137.0,63.3,-73.7,0.537956204379562
SKU00290,2024-11-25,Footwear,3.0,2,False,90.0,64.9,-25.099999999999994,0.27888888888888885
SKU00290,2024-12-02,Footwear,3.0,2,False,174.0,51.0,-123.0,0.7068965517241379
SKU00290,2024-12-09,Footwear,3.0,2,False,109.0,63.3,-45.7,0.4192660550458716
SKU00290,2024-12-16,Footwear,3.0,2,False,205.0,54.3,-150.7,0.7351219512195122
SKU00290,2024-12-23,Footwear,3.0,2,False,80.0,56.5,-23.5,0.29375
SKU00291,2024-10-28,Bottoms,2.0,1,False,10.0,17.2,7.199999999999999,0.72
SKU00291,2024-11-04,Bottoms,2.0,1,False,18.0,16.3,-1.6999999999999993,0.0944444444444444
SKU00291,2024-11-11,Bottoms,2.0,1,False,17.0,16.4,-0.6000000000000014,0.035294117647058906
SKU00291,2024-11-18,Bottoms,2.0,1,False,12.0,14.9,2.9000000000000004,0.2416666666666667
SKU00291,2024-11-25,Bottoms,2.0,1,False,18.0,15.4,-2.5999999999999996,0.14444444444444443
SKU00291,2024-12-02,Bottoms,2.0,1,False,17.0,16.5,-0.5,0.029411764705882353
SKU00291,2024-12-09,Bottoms,2.0,1,False,13.0,16.6,3.6000000000000014,0.27692307692307705
SKU00291,2024-12-16,Bottoms,2.0,1,False,24.0,16.3,-7.699999999999999,0.3208333333333333
SKU00291,2024-12-23,Bottoms,2.0,1,False,23.0,13.7,-9.3,0.4043478260869566
SKU00292,2024-10-28,Accessories,2.0,2,False,15.0,12.1,-2.9000000000000004,0.19333333333333336
SKU00292,2024-11-04,Accessories,2.0,2,False,15.0,12.8,-2.1999999999999993,0.1466666666666666
SKU00292,2024-11-11,Accessories,2.0,2,False,6.0,12.4,6.4,1.0666666666666667
SKU00292,2024-11-18,Accessories,2.0,2,False,15.0,9.7,-5.300000000000001,0.3533333333333334
SKU00292,2024-11-25,Accessories,2.0,2,False,10.0,9.5,-0.5,0.05
SKU00292,2024-12-02,Accessories,2.0,2,False,8.0,11.8,3.8000000000000007,0.4750000000000001
SKU00292,2024-12-09,Accessories,2.0,2,False,11.0,10.4,-0.5999999999999996,0.054545454545454515
SKU00292,2024-12-16,Accessories,2.0,2,False,7.0,9.5,2.5,0.35714285714285715
SKU00292,2024-12-23,Accessories,2.0,2,False,6.0,9.4,3.4000000000000004,0.5666666666666668
SKU00293,2024-10-28,Bottoms,3.0,3,True,0.0,-0.0,-0.0,
SKU00293,2024-11-04,Bottoms,3.0,3,False,14.0,11.5,-2.5,0.17857142857142858
SKU00293,2024-11-11,Bottoms,3.0,3,False,12.0,14.8,2.8000000000000007,0.2333333333333334
SKU00293,2024-11-18,Bottoms,3.0,3,False,16.0,7.5,-8.5,0.53125
SKU00293,2024-11-25,Bottoms,3.0,3,False,13.0,7.4,-5.6,0.43076923076923074
SKU00293,2024-12-02,Bottoms,3.0,3,False,14.0,2.1,-11.9,0.85
SKU00293,2024-12-09,Bottoms,3.0,3,False,13.0,2.3,-10.7,0.823076923076923
SKU00293,2024-12-16,Bottoms,3.0,3,False,14.0,12.1,-1.9000000000000004,0.13571428571428573
SKU00293,2024-12-23,Bottoms,3.0,3,False,16.0,11.1,-4.9,0.30625
SKU00294,2024-10-28,Outerwear,2.0,2,True,0.0,24.1,24.1,
SKU00294,2024-11-04,Outerwear,2.0,2,False,22.0,8.6,-13.4,0.6090909090909091
SKU00294,2024-11-11,Outerwear,2.0,2,False,23.0,16.5,-6.5,0.2826086956521739
SKU00294,2024-11-18,Outerwear,2.0,2,False,21.0,16.7,-4.300000000000001,0.20476190476190478
SKU00294,2024-11-25,Outerwear,2.0,2,False,22.0,8.3,-13.7,0.6227272727272727
SKU00294,2024-12-02,Outerwear,2.0,2,False,18.0,0.7,-17.3,0.9611111111111111
SKU00294,2024-12-09,Outerwear,2.0,2,False,0.0,2.0,2.0,
SKU00294,2024-12-16,Outerwear,2.0,2,False,20.0,19.2,-0.8000000000000007,0.040000000000000036
SKU00294,2024-12-23,Outerwear,2.0,2,False,33.0,19.8,-13.2,0.39999999999999997
SKU00295,2024-10-28,Outerwear,1.0,2,False,50.0,28.0,-22.0,0.44
SKU00295,2024-11-04,Outerwear,1.0,2,False,20.0,25.4,5.399999999999999,0.2699999999999999
SKU00295,2024-11-11,Outerwear,1.0,2,False,43.0,27.5,-15.5,0.36046511627906974
SKU00295,2024-11-18,Outerwear,1.0,2,False,47.0,30.8,-16.2,0.3446808510638298
SKU00295,2024-11-25,Outerwear,1.0,2,False,24.0,30.8,6.800000000000001,0.2833333333333334
SKU00295,2024-12-02,Outerwear,1.0,2,False,26.0,32.1,6.100000000000001,0.23461538461538467
SKU00295,2024-12-09,Outerwear,1.0,2,True,61.0,65.4,4.400000000000006,0.0721311475409837
SKU00295,2024-12-16,Outerwear,1.0,2,False,33.0,34.5,1.5,0.045454545454545456
SKU00295,2024-12-23,Outerwear,1.0,2,False,31.0,26.9,-4.100000000000001,0.13225806451612906
SKU00296,2024-10-28,Accessories,1.0,1,False,13.0,18.7,5.699999999999999,0.4384615384615384
SKU00296,2024-11-04,Accessories,1.0,1,True,32.0,60.9,28.9,0.903125
SKU00296,2024-11-11,Accessories,1.0,1,True,34.0,37.4,3.3999999999999986,0.09999999999999996
SKU00296,2024-11-18,Accessories,1.0,1,True,34.0,29.9,-4.100000000000001,0.12058823529411769
SKU00296,2024-11-25,Accessories,1.0,1,False,10.0,18.8,8.8,0.8800000000000001
SKU00296,2024-12-02,Accessories,1.0,1,False,20.0,18.9,-1.1000000000000014,0.05500000000000007
SKU00296,2024-12-09,Accessories,1.0,1,False,14.0,20.4,6.399999999999999,0.457142857142857
SKU00296,2024-12-16,Accessories,1.0,1,True,22.0,34.5,12.5,0.5681818181818182
SKU00296,2024-12-23,Accessories,1.0,1,True,30.0,36.5,6.5,0.21666666666666667
SKU00297,2024-10-28,Dresses,2.0,2,False,11.0,11.6,0.5999999999999996,0.054545454545454515
SKU00297,2024-11-04,Dresses,2.0,2,False,8.0,11.8,3.8000000000000007,0.4750000000000001
SKU00297,2024-11-11,Dresses,2.0,2,False,4.0,11.4,7.4,1.85
SKU00297,2024-11-18,Dresses,2.0,2,False,8.0,9.3,1.3000000000000007,0.1625000000000001
SKU00297,2024-11-25,Dresses,2.0,2,False,6.0,9.2,3.1999999999999993,0.5333333333333332
SKU00297,2024-12-02,Dresses,2.0,2,False,11.0,8.8,-2.1999999999999993,0.19999999999999993
SKU00297,2024-12-09,Dresses,2.0,2,False,6.0,8.6,2.5999999999999996,0.4333333333333333
SKU00297,2024-12-16,Dresses,2.0,2,False,9.0,9.3,0.3000000000000007,0.03333333333333341
SKU00297,2024-12-23,Dresses,2.0,2,False,5.0,8.2,3.1999999999999993,0.6399999999999999
SKU00298,2024-10-28,Bottoms,1.0,1,False,23.0,30.4,7.399999999999999,0.3217391304347825
SKU00298,2024-11-04,Bottoms,1.0,1,False,28.0,22.2,-5.800000000000001,0.20714285714285716
SKU00298,2024-11-11,Bottoms,1.0,1,False,22.0,25.5,3.5,0.1590909090909091
SKU00298,2024-11-18,Bottoms,1.0,1,False,29.0,27.0,-2.0,0.06896551724137931
SKU00298,2024-11-25,Bottoms,1.0,1,False,27.0,23.3,-3.6999999999999993,0.137037037037037
SKU00298,2024-12-02,Bottoms,1.0,1,False,28.0,26.6,-1.3999999999999986,0.04999999999999995
SKU00298,2024-12-09,Bottoms,1.0,1,False,36.0,27.2,-8.8,0.24444444444444446
SKU00298,2024-12-16,Bottoms,1.0,1,False,25.0,26.9,1.8999999999999986,0.07599999999999994
SKU00298,2024-12-23,Bottoms,1.0,1,False,17.0,24.6,7.600000000000001,0.44705882352941184
SKU00299,2024-10-28,Tops,1.0,2,False,19.0,24.7,5.699999999999999,0.3
SKU00299,2024-11-04,Tops,1.0,2,False,22.0,24.7,2.6999999999999993,0.1227272727272727
SKU00299,2024-11-11,Tops,1.0,2,False,22.0,28.6,6.600000000000001,0.30000000000000004
SKU00299,2024-11-18,Tops,1.0,2,False,21.0,22.4,1.3999999999999986,0.0666666666666666
SKU00299,2024-11-25,Tops,1.0,2,False,19.0,18.4,-0.6000000000000014,0.03157894736842113
SKU00299,2024-12-02,Tops,1.0,2,False,17.0,24.6,7.600000000000001,0.44705882352941184
SKU00299,2024-12-09,Tops,1.0,2,False,17.0,21.6,4.600000000000001,0.27058823529411774
SKU00299,2024-12-16,Tops,1.0,2,True,51.0,57.9,6.899999999999999,0.1352941176470588
SKU00299,2024-12-23,Tops,1.0,2,True,46.0,52.7,6.700000000000003,0.14565217391304355
